rohit@rohit:~/Arista-Workspace/Bookworm-Assemble/ngfw_imgtools$ docker-compose -f docker-compose.build.yml run build make ngfw/iso/untangle-image
WARNING: The SSH_KEY variable is not set. Defaulting to a blank string.
WARNING: The DISTRIBUTION variable is not set. Defaulting to a blank string.
WARNING: The ARCHITECTURE variable is not set. Defaulting to a blank string.
WARNING: The VERBOSE variable is not set. Defaulting to a blank string.
WARNING: The PACKAGE variable is not set. Defaulting to a blank string.
WARNING: The DEBUG variable is not set. Defaulting to a blank string.
WARNING: The NO_CLEAN variable is not set. Defaulting to a blank string.
WARNING: The UPLOAD variable is not set. Defaulting to a blank string.
WARNING: The FORCE variable is not set. Defaulting to a blank string.
WARNING: The VERSION variable is not set. Defaulting to a blank string.
WARNING: The SERIAL variable is not set. Defaulting to a blank string.
WARNING: The REGION variable is not set. Defaulting to a blank string.
Creating ngfw_imgtools_build_run ... done
apt install -y simple-cdd dose-distcheck mtools dosfstools
Reading package lists... Done
Building dependency tree... Done
Reading state information... Done
simple-cdd is already the newest version (0.6.9).
dose-distcheck is already the newest version (7.0.0-1+b2).
mtools is already the newest version (4.0.33-1+really4.0.32-1).
dosfstools is already the newest version (4.2-1).
0 upgraded, 0 newly installed, 0 to remove and 0 not upgraded.
perl -pe 's|\+IMGTOOLS_DIR\+|'/opt/untangle/build'|g' /opt/untangle/build/profiles/ngfw.conf.template >| /opt/untangle/build/profiles/ngfw.conf
perl -pe 's|\+KERNEL\+|'linux-image-6.1.0-43-untangle-amd64'|g' /opt/untangle/build/profiles/untangle.packages.template >| /opt/untangle/build/profiles/untangle.packages
cat /opt/untangle/build/profiles/common.preseed /opt/untangle/build/profiles/auto-partition.preseed /opt/untangle/build/profiles/netboot.preseed.extra /opt/untangle/build/profiles/ngfw.preseed | perl -pe 's|\+VERSION\+|'17.5.0'|g ; s|\+ARCH\+|'amd64'|g ; s|\+REPOSITORY\+|'bookworm'|g ; s|\+KERNELS\+|'linux-image-6.1.0-43-untangle-amd64'|g ; s/^(d-i preseed\/early_command string anna-install.*)/#/' >| /opt/untangle/build/profiles/netboot.preseed.amd64
cat /opt/untangle/build/profiles/common.preseed /opt/untangle/build/profiles/auto-partition.preseed /opt/untangle/build/profiles/default.preseed.extra | perl -pe 's|\+VERSION\+|'17.5.0'|g ; s|\+ARCH\+|'amd64'|g ; s|\+REPOSITORY\+|'bookworm'|g ; s|\+KERNEL\+|'linux-image-6.1.0-43-untangle-amd64'|g' >| /opt/untangle/build/profiles/default.preseed
cat /opt/untangle/build/profiles/common.preseed /opt/untangle/build/profiles/netboot.preseed.extra /opt/untangle/build/profiles/ngfw.preseed | perl -pe 's|\+VERSION\+|'17.5.0'|g ; s|\+ARCH\+|'amd64'|g ; s|\+REPOSITORY\+|'bookworm'|g ; s|\+KERNEL\+|'linux-image-6.1.0-43-untangle-amd64'|g ; s/^(d-i preseed\/early_command string anna-install.*)/#/' >| /opt/untangle/build/profiles/netboot.expert.preseed.amd64
cat /opt/untangle/build/profiles/common.preseed /opt/untangle/build/profiles/default.preseed.extra | perl -pe 's|\+VERSION\+|'17.5.0'|g ; s|\+ARCH\+|'amd64'|g ; s|\+REPOSITORY\+|'bookworm'|g ; s|\+KERNEL\+|'linux-image-6.1.0-43-untangle-amd64'|g' >| /opt/untangle/build/profiles/expert.preseed
perl -pe 's|\+IMGTOOLS_DIR\+|'/opt/untangle/build'|g' /opt/untangle/build/profiles/ngfw.conf.template >| /opt/untangle/build/profiles/ngfw.conf; \
export CODENAME=bookworm DEBVERSION=12.0 ; \
export CDNAME=untangle DISKINFO=untangle ; \
build-simple-cdd \
    --local-packages local-packages \
	--keyboard us \
	--locale en_US.UTF-8 \
	--keyring /usr/share/keyrings/untangle-archive-keyring.gpg \
	--force-root \
	--auto-profiles default,ngfw,untangle \
	--profiles hands-free,ngfw,untangle,expert \
	--debian-mirror http://package-server/public/bookworm/ \
	--debian-mirror http://package-server/public/bookworm/ \
	--security-mirror "" \
	--updates-mirror "" \
	--dist bookworm-official \
	--require-optional-packages \
	--mirror-tools reprepro \
	--extra-udeb-dist bookworm-official \
	--do-mirror \
                --mirror-only \
	--verbose \
	--logfile /opt/untangle/build/simplecdd-mirror.log  ; \
perl -pe s/bookworm-official/bookworm/ /opt/untangle/build/tmp/mirror/conf/distributions > /opt/untangle/build/tmp/mirror/conf/distributions.ngfw ; \
cat /opt/untangle/build/tmp/mirror/conf/distributions.ngfw >> /opt/untangle/build/tmp/mirror/conf/distributions ; \
reprepro -Vb /opt/untangle/build/tmp/mirror copymatched bookworm bookworm-official '*' ; \
export CUSTOMSIZE=`du -s --block-size=2048 /opt/untangle/build/tmp/mirror | awk '{print $1}')` ; \
echo  ; \
 \
build-simple-cdd \
	 \
    --local-packages local-packages \
	--keyboard us \
	--locale en_US.UTF-8 \
	--force-root \
	--auto-profiles default,ngfw,untangle \
	--profiles hands-free,ngfw,untangle,expert \
	--debian-mirror http://package-server/public/bookworm/ \
	--security-mirror "" \
	--updates-mirror "" \
	--dist bookworm \
	--require-optional-packages \
	--mirror-tools reprepro \
	--verbose \
	--no-do-mirror \
	--logfile /opt/untangle/build/simplecdd-image.log ; \
 \
mv images/untangle-12.0*-amd64-*1.iso ngfw-untangle-17.5.0_bookworm_amd64_bookworm-official_2026-02-20T08:19:22+00:00_5ffe008298fa.iso
2026-02-20 08:19:22 INFO Reading configuration file /opt/untangle/build/profiles/default.conf
2026-02-20 08:19:22 INFO Reading configuration file /opt/untangle/build/profiles/ngfw.conf
2026-02-20 08:19:22 INFO /opt/untangle/build/profiles/ngfw.conf: new var custom_installer=/opt/untangle/build/d-i/build/dest
2026-02-20 08:19:22 INFO /opt/untangle/build/profiles/ngfw.conf: new var OMIT_RELEASE_NOTES=1
2026-02-20 08:19:22 INFO /opt/untangle/build/profiles/ngfw.conf: new var COPYLINKS=0
2026-02-20 08:19:22 INFO /opt/untangle/build/profiles/ngfw.conf: new var OMIT_DOC_TOOLS=1
2026-02-20 08:19:22 INFO /opt/untangle/build/profiles/ngfw.conf: new var DI_DIR=/opt/untangle/build/d-i/build/dest
2026-02-20 08:19:22 INFO /opt/untangle/build/profiles/ngfw.conf: new var all_extras='/opt/untangle/build/profiles/hands-free.sh /opt/untangle/build/profiles/late_command.sh /opt/untangle/build/profiles/preseed.cfg'
2026-02-20 08:19:22 INFO /opt/untangle/build/profiles/ngfw.conf: new var DISKTYPE=CUSTOM
2026-02-20 08:19:22 INFO /opt/untangle/build/profiles/ngfw.conf: new var KERNEL_PARAMS=net.ifnames=0
2026-02-20 08:19:22 INFO /opt/untangle/build/profiles/ngfw.conf: new var MAXISOS=1
2026-02-20 08:19:22 INFO /opt/untangle/build/profiles/ngfw.conf: new var MKISOFS_OPTS='-r -A 000000'
2026-02-20 08:19:22 INFO /opt/untangle/build/profiles/ngfw.conf: new var reprepro_opts=--ignore=undefinedtarget
2026-02-20 08:19:22 INFO /opt/untangle/build/profiles/ngfw.conf: new var DOJIGDO=0
2026-02-20 08:19:22 INFO /opt/untangle/build/profiles/ngfw.conf: new var updates_mirror=''
2026-02-20 08:19:22 INFO /opt/untangle/build/profiles/ngfw.conf: new var CONTRIB=0
2026-02-20 08:19:22 INFO /opt/untangle/build/profiles/ngfw.conf: new var debian_cd_dir=/opt/untangle/build/debian-cd
2026-02-20 08:19:22 INFO /opt/untangle/build/profiles/ngfw.conf: new var OMIT_MANUAL=1
2026-02-20 08:19:22 INFO /opt/untangle/build/profiles/ngfw.conf: new var mirror_components='main non-free non-free-firmware'
2026-02-20 08:19:22 INFO /opt/untangle/build/profiles/ngfw.conf: new var NONFREE=1
2026-02-20 08:19:22 WARNING keyring file /usr/share/keyrings/untangle-archive-keyring.gpg does not exist
2026-02-20 08:19:23 WARNING keyring file /usr/share/keyrings/untangle-archive-keyring.gpg does not exist
2026-02-20 08:24:19 INFO Running tool /usr/share/simple-cdd/tools/mirror/reprepro
2026-02-20 08:26:40 INFO mirror/reprepro ran successfully, full log can be found in /opt/untangle/build/tmp/log/mirror-reprepro
2026-02-20 08:26:40 INFO Checking package file /opt/untangle/build/tmp/mirror/dists/bookworm-official/main/binary-amd64/Packages using /usr/bin/dose-debcheck
2026-02-20 08:26:40 WARNING Found uninstallable packages in /opt/untangle/build/tmp/mirror/dists/bookworm-official/main/binary-amd64/Packages:
2026-02-20 08:26:40 WARNING   output-version: 1.2
2026-02-20 08:26:40 WARNING   report:
2026-02-20 08:26:40 WARNING    -
2026-02-20 08:26:40 WARNING     package: adduser
2026-02-20 08:26:40 WARNING     version: 3.134
2026-02-20 08:26:40 WARNING     architecture: all
2026-02-20 08:26:40 WARNING     status: broken
2026-02-20 08:26:40 WARNING     reasons:
2026-02-20 08:26:40 WARNING      -
2026-02-20 08:26:40 WARNING       missing:
2026-02-20 08:26:40 WARNING        pkg:
2026-02-20 08:26:40 WARNING         package: init-system-helpers
2026-02-20 08:26:40 WARNING         version: 1.65.2+deb12u1
2026-02-20 08:26:40 WARNING         architecture: all
2026-02-20 08:26:40 WARNING         essential: true
2026-02-20 08:26:40 WARNING         unsat-dependency: usrmerge | usr-is-merged
2026-02-20 08:26:40 WARNING    -
2026-02-20 08:26:40 WARNING     package: anacron
2026-02-20 08:26:40 WARNING     version: 2.3-36
2026-02-20 08:26:40 WARNING     architecture: amd64
2026-02-20 08:26:40 WARNING     status: broken
2026-02-20 08:26:40 WARNING     reasons:
2026-02-20 08:26:40 WARNING      -
2026-02-20 08:26:40 WARNING       missing:
2026-02-20 08:26:40 WARNING        pkg:
2026-02-20 08:26:40 WARNING         package: init-system-helpers
2026-02-20 08:26:40 WARNING         version: 1.65.2+deb12u1
2026-02-20 08:26:40 WARNING         architecture: all
2026-02-20 08:26:40 WARNING         essential: true
2026-02-20 08:26:40 WARNING         unsat-dependency: usrmerge | usr-is-merged
2026-02-20 08:26:40 WARNING    -
2026-02-20 08:26:40 WARNING     package: apt
2026-02-20 08:26:40 WARNING     version: 2.6.1
2026-02-20 08:26:40 WARNING     architecture: amd64
2026-02-20 08:26:40 WARNING     status: broken
2026-02-20 08:26:40 WARNING     reasons:
2026-02-20 08:26:40 WARNING      -
2026-02-20 08:26:40 WARNING       missing:
2026-02-20 08:26:40 WARNING        pkg:
2026-02-20 08:26:40 WARNING         package: init-system-helpers
2026-02-20 08:26:40 WARNING         version: 1.65.2+deb12u1
2026-02-20 08:26:40 WARNING         architecture: all
2026-02-20 08:26:40 WARNING         essential: true
2026-02-20 08:26:40 WARNING         unsat-dependency: usrmerge | usr-is-merged
2026-02-20 08:26:40 WARNING    -
2026-02-20 08:26:40 WARNING     package: apt-utils
2026-02-20 08:26:40 WARNING     version: 2.6.1
2026-02-20 08:26:40 WARNING     architecture: amd64
2026-02-20 08:26:40 WARNING     status: broken
2026-02-20 08:26:40 WARNING     reasons:
2026-02-20 08:26:40 WARNING      -
2026-02-20 08:26:40 WARNING       missing:
2026-02-20 08:26:40 WARNING        pkg:
2026-02-20 08:26:40 WARNING         package: init-system-helpers
2026-02-20 08:26:40 WARNING         version: 1.65.2+deb12u1
2026-02-20 08:26:40 WARNING         architecture: all
2026-02-20 08:26:40 WARNING         essential: true
2026-02-20 08:26:40 WARNING         unsat-dependency: usrmerge | usr-is-merged
2026-02-20 08:26:40 WARNING    -
2026-02-20 08:26:40 WARNING     package: base-files
2026-02-20 08:26:40 WARNING     version: 12.4+deb12u12
2026-02-20 08:26:40 WARNING     architecture: amd64
2026-02-20 08:26:40 WARNING     essential: true
2026-02-20 08:26:40 WARNING     status: broken
2026-02-20 08:26:40 WARNING     reasons:
2026-02-20 08:26:40 WARNING      -
2026-02-20 08:26:40 WARNING       missing:
2026-02-20 08:26:40 WARNING        pkg:
2026-02-20 08:26:40 WARNING         package: init-system-helpers
2026-02-20 08:26:40 WARNING         version: 1.65.2+deb12u1
2026-02-20 08:26:40 WARNING         architecture: all
2026-02-20 08:26:40 WARNING         essential: true
2026-02-20 08:26:40 WARNING         unsat-dependency: usrmerge | usr-is-merged
2026-02-20 08:26:40 WARNING    -
2026-02-20 08:26:40 WARNING     package: base-passwd
2026-02-20 08:26:40 WARNING     version: 3.6.1
2026-02-20 08:26:40 WARNING     architecture: amd64
2026-02-20 08:26:40 WARNING     essential: true
2026-02-20 08:26:40 WARNING     status: broken
2026-02-20 08:26:40 WARNING     reasons:
2026-02-20 08:26:40 WARNING      -
2026-02-20 08:26:40 WARNING       missing:
2026-02-20 08:26:40 WARNING        pkg:
2026-02-20 08:26:40 WARNING         package: init-system-helpers
2026-02-20 08:26:40 WARNING         version: 1.65.2+deb12u1
2026-02-20 08:26:40 WARNING         architecture: all
2026-02-20 08:26:40 WARNING         essential: true
2026-02-20 08:26:40 WARNING         unsat-dependency: usrmerge | usr-is-merged
2026-02-20 08:26:40 WARNING    -
2026-02-20 08:26:40 WARNING     package: bash
2026-02-20 08:26:40 WARNING     version: 5.2.15-2+b9
2026-02-20 08:26:40 WARNING     architecture: amd64
2026-02-20 08:26:40 WARNING     essential: true
2026-02-20 08:26:40 WARNING     status: broken
2026-02-20 08:26:40 WARNING     reasons:
2026-02-20 08:26:40 WARNING      -
2026-02-20 08:26:40 WARNING       missing:
2026-02-20 08:26:40 WARNING        pkg:
2026-02-20 08:26:40 WARNING         package: init-system-helpers
2026-02-20 08:26:40 WARNING         version: 1.65.2+deb12u1
2026-02-20 08:26:40 WARNING         architecture: all
2026-02-20 08:26:40 WARNING         essential: true
2026-02-20 08:26:40 WARNING         unsat-dependency: usrmerge | usr-is-merged
2026-02-20 08:26:40 WARNING    -
2026-02-20 08:26:40 WARNING     package: bind9-dnsutils
2026-02-20 08:26:40 WARNING     version: 1:9.18.33-1~deb12u2
2026-02-20 08:26:40 WARNING     architecture: amd64
2026-02-20 08:26:40 WARNING     status: broken
2026-02-20 08:26:40 WARNING     reasons:
2026-02-20 08:26:40 WARNING      -
2026-02-20 08:26:40 WARNING       missing:
2026-02-20 08:26:40 WARNING        pkg:
2026-02-20 08:26:40 WARNING         package: init-system-helpers
2026-02-20 08:26:40 WARNING         version: 1.65.2+deb12u1
2026-02-20 08:26:40 WARNING         architecture: all
2026-02-20 08:26:40 WARNING         essential: true
2026-02-20 08:26:40 WARNING         unsat-dependency: usrmerge | usr-is-merged
2026-02-20 08:26:40 WARNING    -
2026-02-20 08:26:40 WARNING     package: bind9-host
2026-02-20 08:26:40 WARNING     version: 1:9.18.33-1~deb12u2
2026-02-20 08:26:40 WARNING     architecture: amd64
2026-02-20 08:26:40 WARNING     status: broken
2026-02-20 08:26:40 WARNING     reasons:
2026-02-20 08:26:40 WARNING      -
2026-02-20 08:26:40 WARNING       missing:
2026-02-20 08:26:40 WARNING        pkg:
2026-02-20 08:26:40 WARNING         package: init-system-helpers
2026-02-20 08:26:40 WARNING         version: 1.65.2+deb12u1
2026-02-20 08:26:40 WARNING         architecture: all
2026-02-20 08:26:40 WARNING         essential: true
2026-02-20 08:26:40 WARNING         unsat-dependency: usrmerge | usr-is-merged
2026-02-20 08:26:40 WARNING    -
2026-02-20 08:26:40 WARNING     package: bind9-libs
2026-02-20 08:26:40 WARNING     version: 1:9.18.33-1~deb12u2
2026-02-20 08:26:40 WARNING     architecture: amd64
2026-02-20 08:26:40 WARNING     status: broken
2026-02-20 08:26:40 WARNING     reasons:
2026-02-20 08:26:40 WARNING      -
2026-02-20 08:26:40 WARNING       missing:
2026-02-20 08:26:40 WARNING        pkg:
2026-02-20 08:26:40 WARNING         package: init-system-helpers
2026-02-20 08:26:40 WARNING         version: 1.65.2+deb12u1
2026-02-20 08:26:40 WARNING         architecture: all
2026-02-20 08:26:40 WARNING         essential: true
2026-02-20 08:26:40 WARNING         unsat-dependency: usrmerge | usr-is-merged
2026-02-20 08:26:40 WARNING    -
2026-02-20 08:26:40 WARNING     package: bsdextrautils
2026-02-20 08:26:40 WARNING     version: 2.38.1-5+deb12u3
2026-02-20 08:26:40 WARNING     architecture: amd64
2026-02-20 08:26:40 WARNING     status: broken
2026-02-20 08:26:40 WARNING     reasons:
2026-02-20 08:26:40 WARNING      -
2026-02-20 08:26:40 WARNING       missing:
2026-02-20 08:26:40 WARNING        pkg:
2026-02-20 08:26:40 WARNING         package: init-system-helpers
2026-02-20 08:26:40 WARNING         version: 1.65.2+deb12u1
2026-02-20 08:26:40 WARNING         architecture: all
2026-02-20 08:26:40 WARNING         essential: true
2026-02-20 08:26:40 WARNING         unsat-dependency: usrmerge | usr-is-merged
2026-02-20 08:26:40 WARNING    -
2026-02-20 08:26:40 WARNING     package: bsdmainutils
2026-02-20 08:26:40 WARNING     version: 12.1.8
2026-02-20 08:26:40 WARNING     architecture: all
2026-02-20 08:26:40 WARNING     status: broken
2026-02-20 08:26:40 WARNING     reasons:
2026-02-20 08:26:40 WARNING      -
2026-02-20 08:26:40 WARNING       missing:
2026-02-20 08:26:40 WARNING        pkg:
2026-02-20 08:26:40 WARNING         package: init-system-helpers
2026-02-20 08:26:40 WARNING         version: 1.65.2+deb12u1
2026-02-20 08:26:40 WARNING         architecture: all
2026-02-20 08:26:40 WARNING         essential: true
2026-02-20 08:26:40 WARNING         unsat-dependency: usrmerge | usr-is-merged
2026-02-20 08:26:40 WARNING    -
2026-02-20 08:26:40 WARNING     package: bsdutils
2026-02-20 08:26:40 WARNING     version: 1:2.38.1-5+deb12u3
2026-02-20 08:26:40 WARNING     architecture: amd64
2026-02-20 08:26:40 WARNING     essential: true
2026-02-20 08:26:40 WARNING     status: broken
2026-02-20 08:26:40 WARNING     reasons:
2026-02-20 08:26:40 WARNING      -
2026-02-20 08:26:40 WARNING       missing:
2026-02-20 08:26:40 WARNING        pkg:
2026-02-20 08:26:40 WARNING         package: init-system-helpers
2026-02-20 08:26:40 WARNING         version: 1.65.2+deb12u1
2026-02-20 08:26:40 WARNING         architecture: all
2026-02-20 08:26:40 WARNING         essential: true
2026-02-20 08:26:40 WARNING         unsat-dependency: usrmerge | usr-is-merged
2026-02-20 08:26:40 WARNING    -
2026-02-20 08:26:40 WARNING     package: busybox
2026-02-20 08:26:40 WARNING     version: 1:1.35.0-4+b5
2026-02-20 08:26:40 WARNING     architecture: amd64
2026-02-20 08:26:40 WARNING     status: broken
2026-02-20 08:26:40 WARNING     reasons:
2026-02-20 08:26:40 WARNING      -
2026-02-20 08:26:40 WARNING       missing:
2026-02-20 08:26:40 WARNING        pkg:
2026-02-20 08:26:40 WARNING         package: init-system-helpers
2026-02-20 08:26:40 WARNING         version: 1.65.2+deb12u1
2026-02-20 08:26:40 WARNING         architecture: all
2026-02-20 08:26:40 WARNING         essential: true
2026-02-20 08:26:40 WARNING         unsat-dependency: usrmerge | usr-is-merged
2026-02-20 08:26:40 WARNING    -
2026-02-20 08:26:40 WARNING     package: busybox-static
2026-02-20 08:26:40 WARNING     version: 1:1.35.0-4+b5
2026-02-20 08:26:40 WARNING     architecture: amd64
2026-02-20 08:26:40 WARNING     status: broken
2026-02-20 08:26:40 WARNING     reasons:
2026-02-20 08:26:40 WARNING      -
2026-02-20 08:26:40 WARNING       missing:
2026-02-20 08:26:40 WARNING        pkg:
2026-02-20 08:26:40 WARNING         package: init-system-helpers
2026-02-20 08:26:40 WARNING         version: 1.65.2+deb12u1
2026-02-20 08:26:40 WARNING         architecture: all
2026-02-20 08:26:40 WARNING         essential: true
2026-02-20 08:26:40 WARNING         unsat-dependency: usrmerge | usr-is-merged
2026-02-20 08:26:40 WARNING    -
2026-02-20 08:26:40 WARNING     package: bzip2
2026-02-20 08:26:40 WARNING     version: 1.0.8-5+b1
2026-02-20 08:26:40 WARNING     architecture: amd64
2026-02-20 08:26:40 WARNING     status: broken
2026-02-20 08:26:40 WARNING     reasons:
2026-02-20 08:26:40 WARNING      -
2026-02-20 08:26:40 WARNING       missing:
2026-02-20 08:26:40 WARNING        pkg:
2026-02-20 08:26:40 WARNING         package: init-system-helpers
2026-02-20 08:26:40 WARNING         version: 1.65.2+deb12u1
2026-02-20 08:26:40 WARNING         architecture: all
2026-02-20 08:26:40 WARNING         essential: true
2026-02-20 08:26:40 WARNING         unsat-dependency: usrmerge | usr-is-merged
2026-02-20 08:26:40 WARNING    -
2026-02-20 08:26:40 WARNING     package: ca-certificates
2026-02-20 08:26:40 WARNING     version: 20230311+deb12u1
2026-02-20 08:26:40 WARNING     architecture: all
2026-02-20 08:26:40 WARNING     status: broken
2026-02-20 08:26:40 WARNING     reasons:
2026-02-20 08:26:40 WARNING      -
2026-02-20 08:26:40 WARNING       missing:
2026-02-20 08:26:40 WARNING        pkg:
2026-02-20 08:26:40 WARNING         package: init-system-helpers
2026-02-20 08:26:40 WARNING         version: 1.65.2+deb12u1
2026-02-20 08:26:40 WARNING         architecture: all
2026-02-20 08:26:40 WARNING         essential: true
2026-02-20 08:26:40 WARNING         unsat-dependency: usrmerge | usr-is-merged
2026-02-20 08:26:40 WARNING    -
2026-02-20 08:26:40 WARNING     package: cdebconf
2026-02-20 08:26:40 WARNING     version: 0.270
2026-02-20 08:26:40 WARNING     architecture: amd64
2026-02-20 08:26:40 WARNING     status: broken
2026-02-20 08:26:40 WARNING     reasons:
2026-02-20 08:26:40 WARNING      -
2026-02-20 08:26:40 WARNING       missing:
2026-02-20 08:26:40 WARNING        pkg:
2026-02-20 08:26:40 WARNING         package: init-system-helpers
2026-02-20 08:26:40 WARNING         version: 1.65.2+deb12u1
2026-02-20 08:26:40 WARNING         architecture: all
2026-02-20 08:26:40 WARNING         essential: true
2026-02-20 08:26:40 WARNING         unsat-dependency: usrmerge | usr-is-merged
2026-02-20 08:26:40 WARNING    -
2026-02-20 08:26:40 WARNING     package: console-setup
2026-02-20 08:26:40 WARNING     version: 1.221
2026-02-20 08:26:40 WARNING     architecture: all
2026-02-20 08:26:40 WARNING     status: broken
2026-02-20 08:26:40 WARNING     reasons:
2026-02-20 08:26:40 WARNING      -
2026-02-20 08:26:40 WARNING       missing:
2026-02-20 08:26:40 WARNING        pkg:
2026-02-20 08:26:40 WARNING         package: init-system-helpers
2026-02-20 08:26:40 WARNING         version: 1.65.2+deb12u1
2026-02-20 08:26:40 WARNING         architecture: all
2026-02-20 08:26:40 WARNING         essential: true
2026-02-20 08:26:40 WARNING         unsat-dependency: usrmerge | usr-is-merged
2026-02-20 08:26:40 WARNING    -
2026-02-20 08:26:40 WARNING     package: console-setup-linux
2026-02-20 08:26:40 WARNING     version: 1.221
2026-02-20 08:26:40 WARNING     architecture: all
2026-02-20 08:26:40 WARNING     status: broken
2026-02-20 08:26:40 WARNING     reasons:
2026-02-20 08:26:40 WARNING      -
2026-02-20 08:26:40 WARNING       missing:
2026-02-20 08:26:40 WARNING        pkg:
2026-02-20 08:26:40 WARNING         package: init-system-helpers
2026-02-20 08:26:40 WARNING         version: 1.65.2+deb12u1
2026-02-20 08:26:40 WARNING         architecture: all
2026-02-20 08:26:40 WARNING         essential: true
2026-02-20 08:26:40 WARNING         unsat-dependency: usrmerge | usr-is-merged
2026-02-20 08:26:40 WARNING    -
2026-02-20 08:26:41 WARNING     package: coreutils
2026-02-20 08:26:41 WARNING     version: 9.1-1
2026-02-20 08:26:41 WARNING     architecture: amd64
2026-02-20 08:26:41 WARNING     essential: true
2026-02-20 08:26:41 WARNING     status: broken
2026-02-20 08:26:41 WARNING     reasons:
2026-02-20 08:26:41 WARNING      -
2026-02-20 08:26:41 WARNING       missing:
2026-02-20 08:26:41 WARNING        pkg:
2026-02-20 08:26:41 WARNING         package: init-system-helpers
2026-02-20 08:26:41 WARNING         version: 1.65.2+deb12u1
2026-02-20 08:26:41 WARNING         architecture: all
2026-02-20 08:26:41 WARNING         essential: true
2026-02-20 08:26:41 WARNING         unsat-dependency: usrmerge | usr-is-merged
2026-02-20 08:26:41 WARNING    -
2026-02-20 08:26:41 WARNING     package: cpio
2026-02-20 08:26:41 WARNING     version: 2.13+dfsg-7.1
2026-02-20 08:26:41 WARNING     architecture: amd64
2026-02-20 08:26:41 WARNING     status: broken
2026-02-20 08:26:41 WARNING     reasons:
2026-02-20 08:26:41 WARNING      -
2026-02-20 08:26:41 WARNING       missing:
2026-02-20 08:26:41 WARNING        pkg:
2026-02-20 08:26:41 WARNING         package: init-system-helpers
2026-02-20 08:26:41 WARNING         version: 1.65.2+deb12u1
2026-02-20 08:26:41 WARNING         architecture: all
2026-02-20 08:26:41 WARNING         essential: true
2026-02-20 08:26:41 WARNING         unsat-dependency: usrmerge | usr-is-merged
2026-02-20 08:26:41 WARNING    -
2026-02-20 08:26:41 WARNING     package: cron
2026-02-20 08:26:41 WARNING     version: 3.0pl1-162
2026-02-20 08:26:41 WARNING     architecture: amd64
2026-02-20 08:26:41 WARNING     status: broken
2026-02-20 08:26:41 WARNING     reasons:
2026-02-20 08:26:41 WARNING      -
2026-02-20 08:26:41 WARNING       missing:
2026-02-20 08:26:41 WARNING        pkg:
2026-02-20 08:26:41 WARNING         package: init-system-helpers
2026-02-20 08:26:41 WARNING         version: 1.65.2+deb12u1
2026-02-20 08:26:41 WARNING         architecture: all
2026-02-20 08:26:41 WARNING         essential: true
2026-02-20 08:26:41 WARNING         unsat-dependency: usrmerge | usr-is-merged
2026-02-20 08:26:41 WARNING    -
2026-02-20 08:26:41 WARNING     package: dash
2026-02-20 08:26:41 WARNING     version: 0.5.12-2
2026-02-20 08:26:41 WARNING     architecture: amd64
2026-02-20 08:26:41 WARNING     essential: true
2026-02-20 08:26:41 WARNING     status: broken
2026-02-20 08:26:41 WARNING     reasons:
2026-02-20 08:26:41 WARNING      -
2026-02-20 08:26:41 WARNING       missing:
2026-02-20 08:26:41 WARNING        pkg:
2026-02-20 08:26:41 WARNING         package: init-system-helpers
2026-02-20 08:26:41 WARNING         version: 1.65.2+deb12u1
2026-02-20 08:26:41 WARNING         architecture: all
2026-02-20 08:26:41 WARNING         essential: true
2026-02-20 08:26:41 WARNING         unsat-dependency: usrmerge | usr-is-merged
2026-02-20 08:26:41 WARNING    -
2026-02-20 08:26:41 WARNING     package: dbus
2026-02-20 08:26:41 WARNING     version: 1.14.10-1~deb12u1
2026-02-20 08:26:41 WARNING     architecture: amd64
2026-02-20 08:26:41 WARNING     status: broken
2026-02-20 08:26:41 WARNING     reasons:
2026-02-20 08:26:41 WARNING      -
2026-02-20 08:26:41 WARNING       missing:
2026-02-20 08:26:41 WARNING        pkg:
2026-02-20 08:26:41 WARNING         package: init-system-helpers
2026-02-20 08:26:41 WARNING         version: 1.65.2+deb12u1
2026-02-20 08:26:41 WARNING         architecture: all
2026-02-20 08:26:41 WARNING         essential: true
2026-02-20 08:26:41 WARNING         unsat-dependency: usrmerge | usr-is-merged
2026-02-20 08:26:41 WARNING    -
2026-02-20 08:26:41 WARNING     package: dbus-bin
2026-02-20 08:26:41 WARNING     version: 1.14.10-1~deb12u1
2026-02-20 08:26:41 WARNING     architecture: amd64
2026-02-20 08:26:41 WARNING     status: broken
2026-02-20 08:26:41 WARNING     reasons:
2026-02-20 08:26:41 WARNING      -
2026-02-20 08:26:41 WARNING       missing:
2026-02-20 08:26:41 WARNING        pkg:
2026-02-20 08:26:41 WARNING         package: init-system-helpers
2026-02-20 08:26:41 WARNING         version: 1.65.2+deb12u1
2026-02-20 08:26:41 WARNING         architecture: all
2026-02-20 08:26:41 WARNING         essential: true
2026-02-20 08:26:41 WARNING         unsat-dependency: usrmerge | usr-is-merged
2026-02-20 08:26:41 WARNING    -
2026-02-20 08:26:41 WARNING     package: dbus-daemon
2026-02-20 08:26:41 WARNING     version: 1.14.10-1~deb12u1
2026-02-20 08:26:41 WARNING     architecture: amd64
2026-02-20 08:26:41 WARNING     status: broken
2026-02-20 08:26:41 WARNING     reasons:
2026-02-20 08:26:41 WARNING      -
2026-02-20 08:26:41 WARNING       missing:
2026-02-20 08:26:41 WARNING        pkg:
2026-02-20 08:26:41 WARNING         package: init-system-helpers
2026-02-20 08:26:41 WARNING         version: 1.65.2+deb12u1
2026-02-20 08:26:41 WARNING         architecture: all
2026-02-20 08:26:41 WARNING         essential: true
2026-02-20 08:26:41 WARNING         unsat-dependency: usrmerge | usr-is-merged
2026-02-20 08:26:41 WARNING    -
2026-02-20 08:26:41 WARNING     package: dbus-session-bus-common
2026-02-20 08:26:41 WARNING     version: 1.14.10-1~deb12u1
2026-02-20 08:26:41 WARNING     architecture: all
2026-02-20 08:26:41 WARNING     status: broken
2026-02-20 08:26:41 WARNING     reasons:
2026-02-20 08:26:41 WARNING      -
2026-02-20 08:26:41 WARNING       missing:
2026-02-20 08:26:41 WARNING        pkg:
2026-02-20 08:26:41 WARNING         package: init-system-helpers
2026-02-20 08:26:41 WARNING         version: 1.65.2+deb12u1
2026-02-20 08:26:41 WARNING         architecture: all
2026-02-20 08:26:41 WARNING         essential: true
2026-02-20 08:26:41 WARNING         unsat-dependency: usrmerge | usr-is-merged
2026-02-20 08:26:41 WARNING    -
2026-02-20 08:26:41 WARNING     package: dbus-system-bus-common
2026-02-20 08:26:41 WARNING     version: 1.14.10-1~deb12u1
2026-02-20 08:26:41 WARNING     architecture: all
2026-02-20 08:26:41 WARNING     status: broken
2026-02-20 08:26:41 WARNING     reasons:
2026-02-20 08:26:41 WARNING      -
2026-02-20 08:26:41 WARNING       missing:
2026-02-20 08:26:41 WARNING        pkg:
2026-02-20 08:26:41 WARNING         package: init-system-helpers
2026-02-20 08:26:41 WARNING         version: 1.65.2+deb12u1
2026-02-20 08:26:41 WARNING         architecture: all
2026-02-20 08:26:41 WARNING         essential: true
2026-02-20 08:26:41 WARNING         unsat-dependency: usrmerge | usr-is-merged
2026-02-20 08:26:41 WARNING    -
2026-02-20 08:26:41 WARNING     package: dbus-x11
2026-02-20 08:26:41 WARNING     version: 1.14.10-1~deb12u1
2026-02-20 08:26:41 WARNING     architecture: amd64
2026-02-20 08:26:41 WARNING     status: broken
2026-02-20 08:26:41 WARNING     reasons:
2026-02-20 08:26:41 WARNING      -
2026-02-20 08:26:41 WARNING       missing:
2026-02-20 08:26:41 WARNING        pkg:
2026-02-20 08:26:41 WARNING         package: init-system-helpers
2026-02-20 08:26:41 WARNING         version: 1.65.2+deb12u1
2026-02-20 08:26:41 WARNING         architecture: all
2026-02-20 08:26:41 WARNING         essential: true
2026-02-20 08:26:41 WARNING         unsat-dependency: usrmerge | usr-is-merged
2026-02-20 08:26:41 WARNING    -
2026-02-20 08:26:41 WARNING     package: debconf
2026-02-20 08:26:41 WARNING     version: 1.5.82
2026-02-20 08:26:41 WARNING     architecture: all
2026-02-20 08:26:41 WARNING     status: broken
2026-02-20 08:26:41 WARNING     reasons:
2026-02-20 08:26:41 WARNING      -
2026-02-20 08:26:41 WARNING       missing:
2026-02-20 08:26:41 WARNING        pkg:
2026-02-20 08:26:41 WARNING         package: init-system-helpers
2026-02-20 08:26:41 WARNING         version: 1.65.2+deb12u1
2026-02-20 08:26:41 WARNING         architecture: all
2026-02-20 08:26:41 WARNING         essential: true
2026-02-20 08:26:41 WARNING         unsat-dependency: usrmerge | usr-is-merged
2026-02-20 08:26:41 WARNING    -
2026-02-20 08:26:41 WARNING     package: debconf-i18n
2026-02-20 08:26:41 WARNING     version: 1.5.82
2026-02-20 08:26:41 WARNING     architecture: all
2026-02-20 08:26:41 WARNING     status: broken
2026-02-20 08:26:41 WARNING     reasons:
2026-02-20 08:26:41 WARNING      -
2026-02-20 08:26:41 WARNING       missing:
2026-02-20 08:26:41 WARNING        pkg:
2026-02-20 08:26:41 WARNING         package: init-system-helpers
2026-02-20 08:26:41 WARNING         version: 1.65.2+deb12u1
2026-02-20 08:26:41 WARNING         architecture: all
2026-02-20 08:26:41 WARNING         essential: true
2026-02-20 08:26:41 WARNING         unsat-dependency: usrmerge | usr-is-merged
2026-02-20 08:26:41 WARNING    -
2026-02-20 08:26:41 WARNING     package: debian-archive-keyring
2026-02-20 08:26:41 WARNING     version: 2023.3+deb12u2
2026-02-20 08:26:41 WARNING     architecture: all
2026-02-20 08:26:41 WARNING     status: broken
2026-02-20 08:26:41 WARNING     reasons:
2026-02-20 08:26:41 WARNING      -
2026-02-20 08:26:41 WARNING       missing:
2026-02-20 08:26:41 WARNING        pkg:
2026-02-20 08:26:41 WARNING         package: init-system-helpers
2026-02-20 08:26:41 WARNING         version: 1.65.2+deb12u1
2026-02-20 08:26:41 WARNING         architecture: all
2026-02-20 08:26:41 WARNING         essential: true
2026-02-20 08:26:41 WARNING         unsat-dependency: usrmerge | usr-is-merged
2026-02-20 08:26:41 WARNING    -
2026-02-20 08:26:41 WARNING     package: debianutils
2026-02-20 08:26:41 WARNING     version: 5.7-0.5~deb12u1
2026-02-20 08:26:41 WARNING     architecture: amd64
2026-02-20 08:26:41 WARNING     essential: true
2026-02-20 08:26:41 WARNING     status: broken
2026-02-20 08:26:41 WARNING     reasons:
2026-02-20 08:26:41 WARNING      -
2026-02-20 08:26:41 WARNING       missing:
2026-02-20 08:26:41 WARNING        pkg:
2026-02-20 08:26:41 WARNING         package: init-system-helpers
2026-02-20 08:26:41 WARNING         version: 1.65.2+deb12u1
2026-02-20 08:26:41 WARNING         architecture: all
2026-02-20 08:26:41 WARNING         essential: true
2026-02-20 08:26:41 WARNING         unsat-dependency: usrmerge | usr-is-merged
2026-02-20 08:26:41 WARNING    -
2026-02-20 08:26:41 WARNING     package: debootstrap
2026-02-20 08:26:41 WARNING     version: 1.0.128+nmu2+deb12u2
2026-02-20 08:26:41 WARNING     architecture: all
2026-02-20 08:26:41 WARNING     status: broken
2026-02-20 08:26:41 WARNING     reasons:
2026-02-20 08:26:41 WARNING      -
2026-02-20 08:26:41 WARNING       missing:
2026-02-20 08:26:41 WARNING        pkg:
2026-02-20 08:26:41 WARNING         package: init-system-helpers
2026-02-20 08:26:41 WARNING         version: 1.65.2+deb12u1
2026-02-20 08:26:41 WARNING         architecture: all
2026-02-20 08:26:41 WARNING         essential: true
2026-02-20 08:26:41 WARNING         unsat-dependency: usrmerge | usr-is-merged
2026-02-20 08:26:41 WARNING    -
2026-02-20 08:26:41 WARNING     package: diffutils
2026-02-20 08:26:41 WARNING     version: 1:3.8-4
2026-02-20 08:26:41 WARNING     architecture: amd64
2026-02-20 08:26:41 WARNING     essential: true
2026-02-20 08:26:41 WARNING     status: broken
2026-02-20 08:26:41 WARNING     reasons:
2026-02-20 08:26:41 WARNING      -
2026-02-20 08:26:41 WARNING       missing:
2026-02-20 08:26:41 WARNING        pkg:
2026-02-20 08:26:41 WARNING         package: init-system-helpers
2026-02-20 08:26:41 WARNING         version: 1.65.2+deb12u1
2026-02-20 08:26:41 WARNING         architecture: all
2026-02-20 08:26:41 WARNING         essential: true
2026-02-20 08:26:41 WARNING         unsat-dependency: usrmerge | usr-is-merged
2026-02-20 08:26:41 WARNING    -
2026-02-20 08:26:41 WARNING     package: dmidecode
2026-02-20 08:26:41 WARNING     version: 3.4-1
2026-02-20 08:26:41 WARNING     architecture: amd64
2026-02-20 08:26:41 WARNING     status: broken
2026-02-20 08:26:41 WARNING     reasons:
2026-02-20 08:26:41 WARNING      -
2026-02-20 08:26:41 WARNING       missing:
2026-02-20 08:26:41 WARNING        pkg:
2026-02-20 08:26:41 WARNING         package: init-system-helpers
2026-02-20 08:26:41 WARNING         version: 1.65.2+deb12u1
2026-02-20 08:26:41 WARNING         architecture: all
2026-02-20 08:26:41 WARNING         essential: true
2026-02-20 08:26:41 WARNING         unsat-dependency: usrmerge | usr-is-merged
2026-02-20 08:26:41 WARNING    -
2026-02-20 08:26:41 WARNING     package: dmsetup
2026-02-20 08:26:41 WARNING     version: 2:1.02.185-2
2026-02-20 08:26:41 WARNING     architecture: amd64
2026-02-20 08:26:41 WARNING     status: broken
2026-02-20 08:26:41 WARNING     reasons:
2026-02-20 08:26:41 WARNING      -
2026-02-20 08:26:41 WARNING       missing:
2026-02-20 08:26:41 WARNING        pkg:
2026-02-20 08:26:41 WARNING         package: init-system-helpers
2026-02-20 08:26:41 WARNING         version: 1.65.2+deb12u1
2026-02-20 08:26:41 WARNING         architecture: all
2026-02-20 08:26:41 WARNING         essential: true
2026-02-20 08:26:41 WARNING         unsat-dependency: usrmerge | usr-is-merged
2026-02-20 08:26:41 WARNING    -
2026-02-20 08:26:41 WARNING     package: dpkg
2026-02-20 08:26:41 WARNING     version: 1.21.22
2026-02-20 08:26:41 WARNING     architecture: amd64
2026-02-20 08:26:41 WARNING     essential: true
2026-02-20 08:26:41 WARNING     status: broken
2026-02-20 08:26:41 WARNING     reasons:
2026-02-20 08:26:41 WARNING      -
2026-02-20 08:26:41 WARNING       missing:
2026-02-20 08:26:41 WARNING        pkg:
2026-02-20 08:26:41 WARNING         package: init-system-helpers
2026-02-20 08:26:41 WARNING         version: 1.65.2+deb12u1
2026-02-20 08:26:41 WARNING         architecture: all
2026-02-20 08:26:41 WARNING         essential: true
2026-02-20 08:26:41 WARNING         unsat-dependency: usrmerge | usr-is-merged
2026-02-20 08:26:41 WARNING    -
2026-02-20 08:26:41 WARNING     package: dracut
2026-02-20 08:26:41 WARNING     version: 059-4
2026-02-20 08:26:41 WARNING     architecture: all
2026-02-20 08:26:41 WARNING     status: broken
2026-02-20 08:26:41 WARNING     reasons:
2026-02-20 08:26:41 WARNING      -
2026-02-20 08:26:41 WARNING       missing:
2026-02-20 08:26:41 WARNING        pkg:
2026-02-20 08:26:41 WARNING         package: init-system-helpers
2026-02-20 08:26:41 WARNING         version: 1.65.2+deb12u1
2026-02-20 08:26:41 WARNING         architecture: all
2026-02-20 08:26:41 WARNING         essential: true
2026-02-20 08:26:41 WARNING         unsat-dependency: usrmerge | usr-is-merged
2026-02-20 08:26:41 WARNING    -
2026-02-20 08:26:41 WARNING     package: dracut-core
2026-02-20 08:26:41 WARNING     version: 059-4
2026-02-20 08:26:41 WARNING     architecture: amd64
2026-02-20 08:26:41 WARNING     status: broken
2026-02-20 08:26:41 WARNING     reasons:
2026-02-20 08:26:41 WARNING      -
2026-02-20 08:26:41 WARNING       missing:
2026-02-20 08:26:41 WARNING        pkg:
2026-02-20 08:26:41 WARNING         package: init-system-helpers
2026-02-20 08:26:41 WARNING         version: 1.65.2+deb12u1
2026-02-20 08:26:41 WARNING         architecture: all
2026-02-20 08:26:41 WARNING         essential: true
2026-02-20 08:26:41 WARNING         unsat-dependency: usrmerge | usr-is-merged
2026-02-20 08:26:41 WARNING    -
2026-02-20 08:26:41 WARNING     package: e2fsprogs
2026-02-20 08:26:41 WARNING     version: 1.47.0-2+b2
2026-02-20 08:26:41 WARNING     architecture: amd64
2026-02-20 08:26:41 WARNING     status: broken
2026-02-20 08:26:41 WARNING     reasons:
2026-02-20 08:26:41 WARNING      -
2026-02-20 08:26:41 WARNING       missing:
2026-02-20 08:26:41 WARNING        pkg:
2026-02-20 08:26:41 WARNING         package: init-system-helpers
2026-02-20 08:26:41 WARNING         version: 1.65.2+deb12u1
2026-02-20 08:26:41 WARNING         architecture: all
2026-02-20 08:26:41 WARNING         essential: true
2026-02-20 08:26:41 WARNING         unsat-dependency: usrmerge | usr-is-merged
2026-02-20 08:26:41 WARNING    -
2026-02-20 08:26:41 WARNING     package: fdisk
2026-02-20 08:26:41 WARNING     version: 2.38.1-5+deb12u3
2026-02-20 08:26:41 WARNING     architecture: amd64
2026-02-20 08:26:41 WARNING     status: broken
2026-02-20 08:26:41 WARNING     reasons:
2026-02-20 08:26:41 WARNING      -
2026-02-20 08:26:41 WARNING       missing:
2026-02-20 08:26:41 WARNING        pkg:
2026-02-20 08:26:41 WARNING         package: init-system-helpers
2026-02-20 08:26:41 WARNING         version: 1.65.2+deb12u1
2026-02-20 08:26:41 WARNING         architecture: all
2026-02-20 08:26:41 WARNING         essential: true
2026-02-20 08:26:41 WARNING         unsat-dependency: usrmerge | usr-is-merged
2026-02-20 08:26:41 WARNING    -
2026-02-20 08:26:41 WARNING     package: file
2026-02-20 08:26:41 WARNING     version: 1:5.44-3
2026-02-20 08:26:41 WARNING     architecture: amd64
2026-02-20 08:26:41 WARNING     status: broken
2026-02-20 08:26:41 WARNING     reasons:
2026-02-20 08:26:41 WARNING      -
2026-02-20 08:26:41 WARNING       missing:
2026-02-20 08:26:41 WARNING        pkg:
2026-02-20 08:26:41 WARNING         package: init-system-helpers
2026-02-20 08:26:41 WARNING         version: 1.65.2+deb12u1
2026-02-20 08:26:41 WARNING         architecture: all
2026-02-20 08:26:41 WARNING         essential: true
2026-02-20 08:26:41 WARNING         unsat-dependency: usrmerge | usr-is-merged
2026-02-20 08:26:41 WARNING    -
2026-02-20 08:26:41 WARNING     package: findutils
2026-02-20 08:26:41 WARNING     version: 4.9.0-4
2026-02-20 08:26:41 WARNING     architecture: amd64
2026-02-20 08:26:41 WARNING     essential: true
2026-02-20 08:26:41 WARNING     status: broken
2026-02-20 08:26:41 WARNING     reasons:
2026-02-20 08:26:41 WARNING      -
2026-02-20 08:26:41 WARNING       missing:
2026-02-20 08:26:41 WARNING        pkg:
2026-02-20 08:26:41 WARNING         package: init-system-helpers
2026-02-20 08:26:41 WARNING         version: 1.65.2+deb12u1
2026-02-20 08:26:41 WARNING         architecture: all
2026-02-20 08:26:41 WARNING         essential: true
2026-02-20 08:26:41 WARNING         unsat-dependency: usrmerge | usr-is-merged
2026-02-20 08:26:41 WARNING    -
2026-02-20 08:26:41 WARNING     package: gcc-12-base
2026-02-20 08:26:41 WARNING     version: 12.2.0-14+deb12u1
2026-02-20 08:26:41 WARNING     architecture: amd64
2026-02-20 08:26:41 WARNING     status: broken
2026-02-20 08:26:41 WARNING     reasons:
2026-02-20 08:26:41 WARNING      -
2026-02-20 08:26:41 WARNING       missing:
2026-02-20 08:26:41 WARNING        pkg:
2026-02-20 08:26:41 WARNING         package: init-system-helpers
2026-02-20 08:26:41 WARNING         version: 1.65.2+deb12u1
2026-02-20 08:26:41 WARNING         architecture: all
2026-02-20 08:26:41 WARNING         essential: true
2026-02-20 08:26:41 WARNING         unsat-dependency: usrmerge | usr-is-merged
2026-02-20 08:26:41 WARNING    -
2026-02-20 08:26:41 WARNING     package: gettext-base
2026-02-20 08:26:41 WARNING     version: 0.21-12
2026-02-20 08:26:41 WARNING     architecture: amd64
2026-02-20 08:26:41 WARNING     status: broken
2026-02-20 08:26:41 WARNING     reasons:
2026-02-20 08:26:41 WARNING      -
2026-02-20 08:26:41 WARNING       missing:
2026-02-20 08:26:41 WARNING        pkg:
2026-02-20 08:26:41 WARNING         package: init-system-helpers
2026-02-20 08:26:41 WARNING         version: 1.65.2+deb12u1
2026-02-20 08:26:41 WARNING         architecture: all
2026-02-20 08:26:41 WARNING         essential: true
2026-02-20 08:26:41 WARNING         unsat-dependency: usrmerge | usr-is-merged
2026-02-20 08:26:41 WARNING    -
2026-02-20 08:26:41 WARNING     package: gpgv
2026-02-20 08:26:41 WARNING     version: 2.2.40-1.1+deb12u1
2026-02-20 08:26:41 WARNING     architecture: amd64
2026-02-20 08:26:41 WARNING     status: broken
2026-02-20 08:26:41 WARNING     reasons:
2026-02-20 08:26:41 WARNING      -
2026-02-20 08:26:41 WARNING       missing:
2026-02-20 08:26:41 WARNING        pkg:
2026-02-20 08:26:41 WARNING         package: init-system-helpers
2026-02-20 08:26:41 WARNING         version: 1.65.2+deb12u1
2026-02-20 08:26:41 WARNING         architecture: all
2026-02-20 08:26:41 WARNING         essential: true
2026-02-20 08:26:41 WARNING         unsat-dependency: usrmerge | usr-is-merged
2026-02-20 08:26:41 WARNING    -
2026-02-20 08:26:41 WARNING     package: grep
2026-02-20 08:26:41 WARNING     version: 3.8-5
2026-02-20 08:26:41 WARNING     architecture: amd64
2026-02-20 08:26:41 WARNING     essential: true
2026-02-20 08:26:41 WARNING     status: broken
2026-02-20 08:26:41 WARNING     reasons:
2026-02-20 08:26:41 WARNING      -
2026-02-20 08:26:41 WARNING       missing:
2026-02-20 08:26:41 WARNING        pkg:
2026-02-20 08:26:41 WARNING         package: init-system-helpers
2026-02-20 08:26:41 WARNING         version: 1.65.2+deb12u1
2026-02-20 08:26:41 WARNING         architecture: all
2026-02-20 08:26:41 WARNING         essential: true
2026-02-20 08:26:41 WARNING         unsat-dependency: usrmerge | usr-is-merged
2026-02-20 08:26:41 WARNING    -
2026-02-20 08:26:41 WARNING     package: groff-base
2026-02-20 08:26:41 WARNING     version: 1.22.4-10
2026-02-20 08:26:41 WARNING     architecture: amd64
2026-02-20 08:26:41 WARNING     status: broken
2026-02-20 08:26:41 WARNING     reasons:
2026-02-20 08:26:41 WARNING      -
2026-02-20 08:26:41 WARNING       missing:
2026-02-20 08:26:41 WARNING        pkg:
2026-02-20 08:26:41 WARNING         package: init-system-helpers
2026-02-20 08:26:41 WARNING         version: 1.65.2+deb12u1
2026-02-20 08:26:41 WARNING         architecture: all
2026-02-20 08:26:41 WARNING         essential: true
2026-02-20 08:26:41 WARNING         unsat-dependency: usrmerge | usr-is-merged
2026-02-20 08:26:41 WARNING    -
2026-02-20 08:26:41 WARNING     package: grub-common
2026-02-20 08:26:41 WARNING     version: 2.06-13+deb12u1
2026-02-20 08:26:41 WARNING     architecture: amd64
2026-02-20 08:26:41 WARNING     status: broken
2026-02-20 08:26:41 WARNING     reasons:
2026-02-20 08:26:41 WARNING      -
2026-02-20 08:26:41 WARNING       missing:
2026-02-20 08:26:41 WARNING        pkg:
2026-02-20 08:26:41 WARNING         package: init-system-helpers
2026-02-20 08:26:41 WARNING         version: 1.65.2+deb12u1
2026-02-20 08:26:41 WARNING         architecture: all
2026-02-20 08:26:41 WARNING         essential: true
2026-02-20 08:26:41 WARNING         unsat-dependency: usrmerge | usr-is-merged
2026-02-20 08:26:41 WARNING    -
2026-02-20 08:26:41 WARNING     package: grub-efi
2026-02-20 08:26:41 WARNING     version: 2.06-13+deb12u1
2026-02-20 08:26:41 WARNING     architecture: amd64
2026-02-20 08:26:41 WARNING     status: broken
2026-02-20 08:26:41 WARNING     reasons:
2026-02-20 08:26:41 WARNING      -
2026-02-20 08:26:41 WARNING       missing:
2026-02-20 08:26:41 WARNING        pkg:
2026-02-20 08:26:41 WARNING         package: init-system-helpers
2026-02-20 08:26:41 WARNING         version: 1.65.2+deb12u1
2026-02-20 08:26:41 WARNING         architecture: all
2026-02-20 08:26:41 WARNING         essential: true
2026-02-20 08:26:41 WARNING         unsat-dependency: usrmerge | usr-is-merged
2026-02-20 08:26:41 WARNING    -
2026-02-20 08:26:41 WARNING     package: grub-efi-amd64
2026-02-20 08:26:41 WARNING     version: 2.06-13+deb12u1
2026-02-20 08:26:41 WARNING     architecture: amd64
2026-02-20 08:26:41 WARNING     status: broken
2026-02-20 08:26:41 WARNING     reasons:
2026-02-20 08:26:41 WARNING      -
2026-02-20 08:26:41 WARNING       missing:
2026-02-20 08:26:41 WARNING        pkg:
2026-02-20 08:26:41 WARNING         package: init-system-helpers
2026-02-20 08:26:41 WARNING         version: 1.65.2+deb12u1
2026-02-20 08:26:41 WARNING         architecture: all
2026-02-20 08:26:41 WARNING         essential: true
2026-02-20 08:26:41 WARNING         unsat-dependency: usrmerge | usr-is-merged
2026-02-20 08:26:41 WARNING    -
2026-02-20 08:26:41 WARNING     package: grub-efi-amd64-bin
2026-02-20 08:26:41 WARNING     version: 2.06-13+deb12u1
2026-02-20 08:26:41 WARNING     architecture: amd64
2026-02-20 08:26:41 WARNING     status: broken
2026-02-20 08:26:41 WARNING     reasons:
2026-02-20 08:26:41 WARNING      -
2026-02-20 08:26:41 WARNING       missing:
2026-02-20 08:26:41 WARNING        pkg:
2026-02-20 08:26:41 WARNING         package: init-system-helpers
2026-02-20 08:26:41 WARNING         version: 1.65.2+deb12u1
2026-02-20 08:26:41 WARNING         architecture: all
2026-02-20 08:26:41 WARNING         essential: true
2026-02-20 08:26:41 WARNING         unsat-dependency: usrmerge | usr-is-merged
2026-02-20 08:26:41 WARNING    -
2026-02-20 08:26:41 WARNING     package: grub-pc
2026-02-20 08:26:41 WARNING     version: 2.06-13+deb12u1
2026-02-20 08:26:41 WARNING     architecture: amd64
2026-02-20 08:26:41 WARNING     status: broken
2026-02-20 08:26:41 WARNING     reasons:
2026-02-20 08:26:41 WARNING      -
2026-02-20 08:26:41 WARNING       missing:
2026-02-20 08:26:41 WARNING        pkg:
2026-02-20 08:26:41 WARNING         package: init-system-helpers
2026-02-20 08:26:41 WARNING         version: 1.65.2+deb12u1
2026-02-20 08:26:41 WARNING         architecture: all
2026-02-20 08:26:41 WARNING         essential: true
2026-02-20 08:26:41 WARNING         unsat-dependency: usrmerge | usr-is-merged
2026-02-20 08:26:41 WARNING    -
2026-02-20 08:26:41 WARNING     package: grub-pc-bin
2026-02-20 08:26:41 WARNING     version: 2.06-13+deb12u1
2026-02-20 08:26:41 WARNING     architecture: amd64
2026-02-20 08:26:41 WARNING     status: broken
2026-02-20 08:26:41 WARNING     reasons:
2026-02-20 08:26:41 WARNING      -
2026-02-20 08:26:41 WARNING       missing:
2026-02-20 08:26:41 WARNING        pkg:
2026-02-20 08:26:41 WARNING         package: init-system-helpers
2026-02-20 08:26:41 WARNING         version: 1.65.2+deb12u1
2026-02-20 08:26:41 WARNING         architecture: all
2026-02-20 08:26:41 WARNING         essential: true
2026-02-20 08:26:41 WARNING         unsat-dependency: usrmerge | usr-is-merged
2026-02-20 08:26:41 WARNING    -
2026-02-20 08:26:41 WARNING     package: grub2-common
2026-02-20 08:26:41 WARNING     version: 2.06-13+deb12u1
2026-02-20 08:26:41 WARNING     architecture: amd64
2026-02-20 08:26:41 WARNING     status: broken
2026-02-20 08:26:41 WARNING     reasons:
2026-02-20 08:26:41 WARNING      -
2026-02-20 08:26:41 WARNING       missing:
2026-02-20 08:26:41 WARNING        pkg:
2026-02-20 08:26:41 WARNING         package: init-system-helpers
2026-02-20 08:26:41 WARNING         version: 1.65.2+deb12u1
2026-02-20 08:26:41 WARNING         architecture: all
2026-02-20 08:26:41 WARNING         essential: true
2026-02-20 08:26:41 WARNING         unsat-dependency: usrmerge | usr-is-merged
2026-02-20 08:26:41 WARNING    -
2026-02-20 08:26:41 WARNING     package: gzip
2026-02-20 08:26:41 WARNING     version: 1.12-1
2026-02-20 08:26:41 WARNING     architecture: amd64
2026-02-20 08:26:41 WARNING     essential: true
2026-02-20 08:26:41 WARNING     status: broken
2026-02-20 08:26:41 WARNING     reasons:
2026-02-20 08:26:41 WARNING      -
2026-02-20 08:26:41 WARNING       missing:
2026-02-20 08:26:41 WARNING        pkg:
2026-02-20 08:26:41 WARNING         package: init-system-helpers
2026-02-20 08:26:41 WARNING         version: 1.65.2+deb12u1
2026-02-20 08:26:41 WARNING         architecture: all
2026-02-20 08:26:41 WARNING         essential: true
2026-02-20 08:26:41 WARNING         unsat-dependency: usrmerge | usr-is-merged
2026-02-20 08:26:41 WARNING    -
2026-02-20 08:26:41 WARNING     package: hostname
2026-02-20 08:26:41 WARNING     version: 3.23+nmu1
2026-02-20 08:26:41 WARNING     architecture: amd64
2026-02-20 08:26:41 WARNING     essential: true
2026-02-20 08:26:41 WARNING     status: broken
2026-02-20 08:26:41 WARNING     reasons:
2026-02-20 08:26:41 WARNING      -
2026-02-20 08:26:41 WARNING       missing:
2026-02-20 08:26:41 WARNING        pkg:
2026-02-20 08:26:41 WARNING         package: init-system-helpers
2026-02-20 08:26:41 WARNING         version: 1.65.2+deb12u1
2026-02-20 08:26:41 WARNING         architecture: all
2026-02-20 08:26:41 WARNING         essential: true
2026-02-20 08:26:41 WARNING         unsat-dependency: usrmerge | usr-is-merged
2026-02-20 08:26:41 WARNING    -
2026-02-20 08:26:41 WARNING     package: ifupdown
2026-02-20 08:26:41 WARNING     version: 0.8.41
2026-02-20 08:26:41 WARNING     architecture: amd64
2026-02-20 08:26:41 WARNING     status: broken
2026-02-20 08:26:41 WARNING     reasons:
2026-02-20 08:26:41 WARNING      -
2026-02-20 08:26:41 WARNING       missing:
2026-02-20 08:26:41 WARNING        pkg:
2026-02-20 08:26:41 WARNING         package: init-system-helpers
2026-02-20 08:26:41 WARNING         version: 1.65.2+deb12u1
2026-02-20 08:26:41 WARNING         architecture: all
2026-02-20 08:26:41 WARNING         essential: true
2026-02-20 08:26:41 WARNING         unsat-dependency: usrmerge | usr-is-merged
2026-02-20 08:26:41 WARNING    -
2026-02-20 08:26:41 WARNING     package: init
2026-02-20 08:26:41 WARNING     version: 1.65.2+deb12u1
2026-02-20 08:26:41 WARNING     architecture: amd64
2026-02-20 08:26:41 WARNING     status: broken
2026-02-20 08:26:41 WARNING     reasons:
2026-02-20 08:26:41 WARNING      -
2026-02-20 08:26:41 WARNING       missing:
2026-02-20 08:26:41 WARNING        pkg:
2026-02-20 08:26:41 WARNING         package: init-system-helpers
2026-02-20 08:26:41 WARNING         version: 1.65.2+deb12u1
2026-02-20 08:26:41 WARNING         architecture: all
2026-02-20 08:26:41 WARNING         essential: true
2026-02-20 08:26:41 WARNING         unsat-dependency: usrmerge | usr-is-merged
2026-02-20 08:26:41 WARNING    -
2026-02-20 08:26:41 WARNING     package: init-system-helpers
2026-02-20 08:26:41 WARNING     version: 1.65.2+deb12u1
2026-02-20 08:26:41 WARNING     architecture: all
2026-02-20 08:26:41 WARNING     essential: true
2026-02-20 08:26:41 WARNING     status: broken
2026-02-20 08:26:41 WARNING     reasons:
2026-02-20 08:26:41 WARNING      -
2026-02-20 08:26:41 WARNING       missing:
2026-02-20 08:26:41 WARNING        pkg:
2026-02-20 08:26:41 WARNING         package: init-system-helpers
2026-02-20 08:26:41 WARNING         version: 1.65.2+deb12u1
2026-02-20 08:26:41 WARNING         architecture: all
2026-02-20 08:26:41 WARNING         essential: true
2026-02-20 08:26:41 WARNING         unsat-dependency: usrmerge | usr-is-merged
2026-02-20 08:26:41 WARNING    -
2026-02-20 08:26:41 WARNING     package: initramfs-tools
2026-02-20 08:26:41 WARNING     version: 0.142+deb12u3
2026-02-20 08:26:41 WARNING     architecture: all
2026-02-20 08:26:41 WARNING     status: broken
2026-02-20 08:26:41 WARNING     reasons:
2026-02-20 08:26:41 WARNING      -
2026-02-20 08:26:41 WARNING       missing:
2026-02-20 08:26:41 WARNING        pkg:
2026-02-20 08:26:41 WARNING         package: init-system-helpers
2026-02-20 08:26:41 WARNING         version: 1.65.2+deb12u1
2026-02-20 08:26:41 WARNING         architecture: all
2026-02-20 08:26:41 WARNING         essential: true
2026-02-20 08:26:41 WARNING         unsat-dependency: usrmerge | usr-is-merged
2026-02-20 08:26:41 WARNING    -
2026-02-20 08:26:41 WARNING     package: initramfs-tools-core
2026-02-20 08:26:41 WARNING     version: 0.142+deb12u3
2026-02-20 08:26:41 WARNING     architecture: all
2026-02-20 08:26:41 WARNING     status: broken
2026-02-20 08:26:41 WARNING     reasons:
2026-02-20 08:26:41 WARNING      -
2026-02-20 08:26:41 WARNING       missing:
2026-02-20 08:26:41 WARNING        pkg:
2026-02-20 08:26:41 WARNING         package: init-system-helpers
2026-02-20 08:26:41 WARNING         version: 1.65.2+deb12u1
2026-02-20 08:26:41 WARNING         architecture: all
2026-02-20 08:26:41 WARNING         essential: true
2026-02-20 08:26:41 WARNING         unsat-dependency: usrmerge | usr-is-merged
2026-02-20 08:26:41 WARNING    -
2026-02-20 08:26:41 WARNING     package: initscripts
2026-02-20 08:26:41 WARNING     version: 3.06-4
2026-02-20 08:26:41 WARNING     architecture: all
2026-02-20 08:26:41 WARNING     status: broken
2026-02-20 08:26:41 WARNING     reasons:
2026-02-20 08:26:41 WARNING      -
2026-02-20 08:26:41 WARNING       missing:
2026-02-20 08:26:41 WARNING        pkg:
2026-02-20 08:26:41 WARNING         package: init-system-helpers
2026-02-20 08:26:41 WARNING         version: 1.65.2+deb12u1
2026-02-20 08:26:41 WARNING         architecture: all
2026-02-20 08:26:41 WARNING         essential: true
2026-02-20 08:26:41 WARNING         unsat-dependency: usrmerge | usr-is-merged
2026-02-20 08:26:41 WARNING    -
2026-02-20 08:26:41 WARNING     package: insserv
2026-02-20 08:26:41 WARNING     version: 1.24.0-1
2026-02-20 08:26:41 WARNING     architecture: amd64
2026-02-20 08:26:41 WARNING     status: broken
2026-02-20 08:26:41 WARNING     reasons:
2026-02-20 08:26:41 WARNING      -
2026-02-20 08:26:41 WARNING       missing:
2026-02-20 08:26:41 WARNING        pkg:
2026-02-20 08:26:41 WARNING         package: init-system-helpers
2026-02-20 08:26:41 WARNING         version: 1.65.2+deb12u1
2026-02-20 08:26:41 WARNING         architecture: all
2026-02-20 08:26:41 WARNING         essential: true
2026-02-20 08:26:41 WARNING         unsat-dependency: usrmerge | usr-is-merged
2026-02-20 08:26:41 WARNING    -
2026-02-20 08:26:41 WARNING     package: install-info
2026-02-20 08:26:41 WARNING     version: 6.8-6+b1
2026-02-20 08:26:41 WARNING     architecture: amd64
2026-02-20 08:26:41 WARNING     status: broken
2026-02-20 08:26:41 WARNING     reasons:
2026-02-20 08:26:41 WARNING      -
2026-02-20 08:26:41 WARNING       missing:
2026-02-20 08:26:41 WARNING        pkg:
2026-02-20 08:26:41 WARNING         package: init-system-helpers
2026-02-20 08:26:41 WARNING         version: 1.65.2+deb12u1
2026-02-20 08:26:41 WARNING         architecture: all
2026-02-20 08:26:41 WARNING         essential: true
2026-02-20 08:26:41 WARNING         unsat-dependency: usrmerge | usr-is-merged
2026-02-20 08:26:41 WARNING    -
2026-02-20 08:26:41 WARNING     package: iproute2
2026-02-20 08:26:41 WARNING     version: 6.1.0-3
2026-02-20 08:26:41 WARNING     architecture: amd64
2026-02-20 08:26:41 WARNING     status: broken
2026-02-20 08:26:41 WARNING     reasons:
2026-02-20 08:26:41 WARNING      -
2026-02-20 08:26:41 WARNING       missing:
2026-02-20 08:26:41 WARNING        pkg:
2026-02-20 08:26:41 WARNING         package: init-system-helpers
2026-02-20 08:26:41 WARNING         version: 1.65.2+deb12u1
2026-02-20 08:26:41 WARNING         architecture: all
2026-02-20 08:26:41 WARNING         essential: true
2026-02-20 08:26:41 WARNING         unsat-dependency: usrmerge | usr-is-merged
2026-02-20 08:26:41 WARNING    -
2026-02-20 08:26:41 WARNING     package: iputils-ping
2026-02-20 08:26:41 WARNING     version: 3:20221126-1+deb12u1
2026-02-20 08:26:41 WARNING     architecture: amd64
2026-02-20 08:26:41 WARNING     status: broken
2026-02-20 08:26:41 WARNING     reasons:
2026-02-20 08:26:41 WARNING      -
2026-02-20 08:26:41 WARNING       missing:
2026-02-20 08:26:41 WARNING        pkg:
2026-02-20 08:26:41 WARNING         package: init-system-helpers
2026-02-20 08:26:41 WARNING         version: 1.65.2+deb12u1
2026-02-20 08:26:41 WARNING         architecture: all
2026-02-20 08:26:41 WARNING         essential: true
2026-02-20 08:26:41 WARNING         unsat-dependency: usrmerge | usr-is-merged
2026-02-20 08:26:41 WARNING    -
2026-02-20 08:26:41 WARNING     package: isc-dhcp-client
2026-02-20 08:26:41 WARNING     version: 4.4.3-P1-2
2026-02-20 08:26:41 WARNING     architecture: amd64
2026-02-20 08:26:41 WARNING     status: broken
2026-02-20 08:26:41 WARNING     reasons:
2026-02-20 08:26:41 WARNING      -
2026-02-20 08:26:41 WARNING       missing:
2026-02-20 08:26:41 WARNING        pkg:
2026-02-20 08:26:41 WARNING         package: init-system-helpers
2026-02-20 08:26:41 WARNING         version: 1.65.2+deb12u1
2026-02-20 08:26:41 WARNING         architecture: all
2026-02-20 08:26:41 WARNING         essential: true
2026-02-20 08:26:41 WARNING         unsat-dependency: usrmerge | usr-is-merged
2026-02-20 08:26:41 WARNING    -
2026-02-20 08:26:41 WARNING     package: isc-dhcp-common
2026-02-20 08:26:41 WARNING     version: 4.4.3-P1-2
2026-02-20 08:26:41 WARNING     architecture: amd64
2026-02-20 08:26:41 WARNING     status: broken
2026-02-20 08:26:41 WARNING     reasons:
2026-02-20 08:26:41 WARNING      -
2026-02-20 08:26:41 WARNING       missing:
2026-02-20 08:26:41 WARNING        pkg:
2026-02-20 08:26:41 WARNING         package: init-system-helpers
2026-02-20 08:26:41 WARNING         version: 1.65.2+deb12u1
2026-02-20 08:26:41 WARNING         architecture: all
2026-02-20 08:26:41 WARNING         essential: true
2026-02-20 08:26:41 WARNING         unsat-dependency: usrmerge | usr-is-merged
2026-02-20 08:26:41 WARNING    -
2026-02-20 08:26:41 WARNING     package: isolinux
2026-02-20 08:26:41 WARNING     version: 3:6.04~git20190206.bf6db5b4+dfsg1-3
2026-02-20 08:26:41 WARNING     architecture: all
2026-02-20 08:26:41 WARNING     status: broken
2026-02-20 08:26:41 WARNING     reasons:
2026-02-20 08:26:41 WARNING      -
2026-02-20 08:26:41 WARNING       missing:
2026-02-20 08:26:41 WARNING        pkg:
2026-02-20 08:26:41 WARNING         package: init-system-helpers
2026-02-20 08:26:41 WARNING         version: 1.65.2+deb12u1
2026-02-20 08:26:41 WARNING         architecture: all
2026-02-20 08:26:41 WARNING         essential: true
2026-02-20 08:26:41 WARNING         unsat-dependency: usrmerge | usr-is-merged
2026-02-20 08:26:41 WARNING    -
2026-02-20 08:26:41 WARNING     package: kbd
2026-02-20 08:26:41 WARNING     version: 2.5.1-1+b1
2026-02-20 08:26:41 WARNING     architecture: amd64
2026-02-20 08:26:41 WARNING     status: broken
2026-02-20 08:26:41 WARNING     reasons:
2026-02-20 08:26:41 WARNING      -
2026-02-20 08:26:41 WARNING       missing:
2026-02-20 08:26:41 WARNING        pkg:
2026-02-20 08:26:41 WARNING         package: init-system-helpers
2026-02-20 08:26:41 WARNING         version: 1.65.2+deb12u1
2026-02-20 08:26:41 WARNING         architecture: all
2026-02-20 08:26:41 WARNING         essential: true
2026-02-20 08:26:41 WARNING         unsat-dependency: usrmerge | usr-is-merged
2026-02-20 08:26:41 WARNING    -
2026-02-20 08:26:41 WARNING     package: keyboard-configuration
2026-02-20 08:26:41 WARNING     version: 1.221
2026-02-20 08:26:41 WARNING     architecture: all
2026-02-20 08:26:41 WARNING     status: broken
2026-02-20 08:26:41 WARNING     reasons:
2026-02-20 08:26:41 WARNING      -
2026-02-20 08:26:41 WARNING       missing:
2026-02-20 08:26:41 WARNING        pkg:
2026-02-20 08:26:41 WARNING         package: init-system-helpers
2026-02-20 08:26:41 WARNING         version: 1.65.2+deb12u1
2026-02-20 08:26:41 WARNING         architecture: all
2026-02-20 08:26:41 WARNING         essential: true
2026-02-20 08:26:41 WARNING         unsat-dependency: usrmerge | usr-is-merged
2026-02-20 08:26:41 WARNING    -
2026-02-20 08:26:41 WARNING     package: klibc-utils
2026-02-20 08:26:41 WARNING     version: 2.0.12-1
2026-02-20 08:26:41 WARNING     architecture: amd64
2026-02-20 08:26:41 WARNING     status: broken
2026-02-20 08:26:41 WARNING     reasons:
2026-02-20 08:26:41 WARNING      -
2026-02-20 08:26:41 WARNING       missing:
2026-02-20 08:26:41 WARNING        pkg:
2026-02-20 08:26:41 WARNING         package: init-system-helpers
2026-02-20 08:26:41 WARNING         version: 1.65.2+deb12u1
2026-02-20 08:26:41 WARNING         architecture: all
2026-02-20 08:26:41 WARNING         essential: true
2026-02-20 08:26:41 WARNING         unsat-dependency: usrmerge | usr-is-merged
2026-02-20 08:26:41 WARNING    -
2026-02-20 08:26:41 WARNING     package: kmod
2026-02-20 08:26:41 WARNING     version: 30+20221128-1
2026-02-20 08:26:41 WARNING     architecture: amd64
2026-02-20 08:26:41 WARNING     status: broken
2026-02-20 08:26:41 WARNING     reasons:
2026-02-20 08:26:41 WARNING      -
2026-02-20 08:26:41 WARNING       missing:
2026-02-20 08:26:41 WARNING        pkg:
2026-02-20 08:26:41 WARNING         package: init-system-helpers
2026-02-20 08:26:41 WARNING         version: 1.65.2+deb12u1
2026-02-20 08:26:41 WARNING         architecture: all
2026-02-20 08:26:41 WARNING         essential: true
2026-02-20 08:26:41 WARNING         unsat-dependency: usrmerge | usr-is-merged
2026-02-20 08:26:41 WARNING    -
2026-02-20 08:26:41 WARNING     package: kpartx
2026-02-20 08:26:41 WARNING     version: 0.9.4-3+deb12u2
2026-02-20 08:26:41 WARNING     architecture: amd64
2026-02-20 08:26:41 WARNING     status: broken
2026-02-20 08:26:41 WARNING     reasons:
2026-02-20 08:26:41 WARNING      -
2026-02-20 08:26:41 WARNING       missing:
2026-02-20 08:26:41 WARNING        pkg:
2026-02-20 08:26:41 WARNING         package: init-system-helpers
2026-02-20 08:26:41 WARNING         version: 1.65.2+deb12u1
2026-02-20 08:26:41 WARNING         architecture: all
2026-02-20 08:26:41 WARNING         essential: true
2026-02-20 08:26:41 WARNING         unsat-dependency: usrmerge | usr-is-merged
2026-02-20 08:26:41 WARNING    -
2026-02-20 08:26:41 WARNING     package: less
2026-02-20 08:26:41 WARNING     version: 590-2.1~deb12u2
2026-02-20 08:26:41 WARNING     architecture: amd64
2026-02-20 08:26:41 WARNING     status: broken
2026-02-20 08:26:41 WARNING     reasons:
2026-02-20 08:26:41 WARNING      -
2026-02-20 08:26:41 WARNING       missing:
2026-02-20 08:26:41 WARNING        pkg:
2026-02-20 08:26:41 WARNING         package: init-system-helpers
2026-02-20 08:26:41 WARNING         version: 1.65.2+deb12u1
2026-02-20 08:26:41 WARNING         architecture: all
2026-02-20 08:26:41 WARNING         essential: true
2026-02-20 08:26:41 WARNING         unsat-dependency: usrmerge | usr-is-merged
2026-02-20 08:26:41 WARNING    -
2026-02-20 08:26:41 WARNING     package: libacl1
2026-02-20 08:26:41 WARNING     version: 2.3.1-3
2026-02-20 08:26:41 WARNING     architecture: amd64
2026-02-20 08:26:41 WARNING     status: broken
2026-02-20 08:26:41 WARNING     reasons:
2026-02-20 08:26:41 WARNING      -
2026-02-20 08:26:41 WARNING       missing:
2026-02-20 08:26:41 WARNING        pkg:
2026-02-20 08:26:41 WARNING         package: init-system-helpers
2026-02-20 08:26:41 WARNING         version: 1.65.2+deb12u1
2026-02-20 08:26:41 WARNING         architecture: all
2026-02-20 08:26:41 WARNING         essential: true
2026-02-20 08:26:41 WARNING         unsat-dependency: usrmerge | usr-is-merged
2026-02-20 08:26:41 WARNING    -
2026-02-20 08:26:41 WARNING     package: libapparmor1
2026-02-20 08:26:41 WARNING     version: 3.0.8-3
2026-02-20 08:26:41 WARNING     architecture: amd64
2026-02-20 08:26:41 WARNING     status: broken
2026-02-20 08:26:41 WARNING     reasons:
2026-02-20 08:26:41 WARNING      -
2026-02-20 08:26:41 WARNING       missing:
2026-02-20 08:26:41 WARNING        pkg:
2026-02-20 08:26:41 WARNING         package: init-system-helpers
2026-02-20 08:26:41 WARNING         version: 1.65.2+deb12u1
2026-02-20 08:26:41 WARNING         architecture: all
2026-02-20 08:26:41 WARNING         essential: true
2026-02-20 08:26:41 WARNING         unsat-dependency: usrmerge | usr-is-merged
2026-02-20 08:26:41 WARNING    -
2026-02-20 08:26:41 WARNING     package: libapt-pkg6.0
2026-02-20 08:26:41 WARNING     version: 2.6.1
2026-02-20 08:26:41 WARNING     architecture: amd64
2026-02-20 08:26:41 WARNING     status: broken
2026-02-20 08:26:41 WARNING     reasons:
2026-02-20 08:26:41 WARNING      -
2026-02-20 08:26:41 WARNING       missing:
2026-02-20 08:26:41 WARNING        pkg:
2026-02-20 08:26:41 WARNING         package: init-system-helpers
2026-02-20 08:26:41 WARNING         version: 1.65.2+deb12u1
2026-02-20 08:26:41 WARNING         architecture: all
2026-02-20 08:26:41 WARNING         essential: true
2026-02-20 08:26:41 WARNING         unsat-dependency: usrmerge | usr-is-merged
2026-02-20 08:26:41 WARNING    -
2026-02-20 08:26:41 WARNING     package: libargon2-1
2026-02-20 08:26:41 WARNING     version: 0~20171227-0.3+deb12u1
2026-02-20 08:26:41 WARNING     architecture: amd64
2026-02-20 08:26:41 WARNING     status: broken
2026-02-20 08:26:41 WARNING     reasons:
2026-02-20 08:26:41 WARNING      -
2026-02-20 08:26:41 WARNING       missing:
2026-02-20 08:26:41 WARNING        pkg:
2026-02-20 08:26:41 WARNING         package: init-system-helpers
2026-02-20 08:26:41 WARNING         version: 1.65.2+deb12u1
2026-02-20 08:26:41 WARNING         architecture: all
2026-02-20 08:26:41 WARNING         essential: true
2026-02-20 08:26:41 WARNING         unsat-dependency: usrmerge | usr-is-merged
2026-02-20 08:26:41 WARNING    -
2026-02-20 08:26:41 WARNING     package: libattr1
2026-02-20 08:26:41 WARNING     version: 1:2.5.1-4
2026-02-20 08:26:41 WARNING     architecture: amd64
2026-02-20 08:26:41 WARNING     status: broken
2026-02-20 08:26:41 WARNING     reasons:
2026-02-20 08:26:41 WARNING      -
2026-02-20 08:26:41 WARNING       missing:
2026-02-20 08:26:41 WARNING        pkg:
2026-02-20 08:26:41 WARNING         package: init-system-helpers
2026-02-20 08:26:41 WARNING         version: 1.65.2+deb12u1
2026-02-20 08:26:41 WARNING         architecture: all
2026-02-20 08:26:41 WARNING         essential: true
2026-02-20 08:26:41 WARNING         unsat-dependency: usrmerge | usr-is-merged
2026-02-20 08:26:41 WARNING    -
2026-02-20 08:26:41 WARNING     package: libaudit-common
2026-02-20 08:26:41 WARNING     version: 1:3.0.9-1
2026-02-20 08:26:41 WARNING     architecture: all
2026-02-20 08:26:41 WARNING     status: broken
2026-02-20 08:26:41 WARNING     reasons:
2026-02-20 08:26:41 WARNING      -
2026-02-20 08:26:41 WARNING       missing:
2026-02-20 08:26:41 WARNING        pkg:
2026-02-20 08:26:41 WARNING         package: init-system-helpers
2026-02-20 08:26:41 WARNING         version: 1.65.2+deb12u1
2026-02-20 08:26:41 WARNING         architecture: all
2026-02-20 08:26:41 WARNING         essential: true
2026-02-20 08:26:41 WARNING         unsat-dependency: usrmerge | usr-is-merged
2026-02-20 08:26:41 WARNING    -
2026-02-20 08:26:41 WARNING     package: libaudit1
2026-02-20 08:26:41 WARNING     version: 1:3.0.9-1
2026-02-20 08:26:41 WARNING     architecture: amd64
2026-02-20 08:26:41 WARNING     status: broken
2026-02-20 08:26:41 WARNING     reasons:
2026-02-20 08:26:41 WARNING      -
2026-02-20 08:26:41 WARNING       missing:
2026-02-20 08:26:41 WARNING        pkg:
2026-02-20 08:26:41 WARNING         package: init-system-helpers
2026-02-20 08:26:41 WARNING         version: 1.65.2+deb12u1
2026-02-20 08:26:41 WARNING         architecture: all
2026-02-20 08:26:41 WARNING         essential: true
2026-02-20 08:26:41 WARNING         unsat-dependency: usrmerge | usr-is-merged
2026-02-20 08:26:41 WARNING    -
2026-02-20 08:26:41 WARNING     package: libblkid1
2026-02-20 08:26:41 WARNING     version: 2.38.1-5+deb12u3
2026-02-20 08:26:41 WARNING     architecture: amd64
2026-02-20 08:26:41 WARNING     status: broken
2026-02-20 08:26:41 WARNING     reasons:
2026-02-20 08:26:41 WARNING      -
2026-02-20 08:26:41 WARNING       missing:
2026-02-20 08:26:41 WARNING        pkg:
2026-02-20 08:26:41 WARNING         package: init-system-helpers
2026-02-20 08:26:41 WARNING         version: 1.65.2+deb12u1
2026-02-20 08:26:41 WARNING         architecture: all
2026-02-20 08:26:41 WARNING         essential: true
2026-02-20 08:26:41 WARNING         unsat-dependency: usrmerge | usr-is-merged
2026-02-20 08:26:41 WARNING    -
2026-02-20 08:26:41 WARNING     package: libbrotli1
2026-02-20 08:26:41 WARNING     version: 1.0.9-2+b6
2026-02-20 08:26:41 WARNING     architecture: amd64
2026-02-20 08:26:41 WARNING     status: broken
2026-02-20 08:26:41 WARNING     reasons:
2026-02-20 08:26:41 WARNING      -
2026-02-20 08:26:41 WARNING       missing:
2026-02-20 08:26:41 WARNING        pkg:
2026-02-20 08:26:41 WARNING         package: init-system-helpers
2026-02-20 08:26:41 WARNING         version: 1.65.2+deb12u1
2026-02-20 08:26:41 WARNING         architecture: all
2026-02-20 08:26:41 WARNING         essential: true
2026-02-20 08:26:41 WARNING         unsat-dependency: usrmerge | usr-is-merged
2026-02-20 08:26:41 WARNING    -
2026-02-20 08:26:41 WARNING     package: libbsd0
2026-02-20 08:26:41 WARNING     version: 0.11.7-2
2026-02-20 08:26:41 WARNING     architecture: amd64
2026-02-20 08:26:41 WARNING     status: broken
2026-02-20 08:26:41 WARNING     reasons:
2026-02-20 08:26:41 WARNING      -
2026-02-20 08:26:41 WARNING       missing:
2026-02-20 08:26:41 WARNING        pkg:
2026-02-20 08:26:41 WARNING         package: init-system-helpers
2026-02-20 08:26:41 WARNING         version: 1.65.2+deb12u1
2026-02-20 08:26:41 WARNING         architecture: all
2026-02-20 08:26:41 WARNING         essential: true
2026-02-20 08:26:41 WARNING         unsat-dependency: usrmerge | usr-is-merged
2026-02-20 08:26:41 WARNING    -
2026-02-20 08:26:41 WARNING     package: libbz2-1.0
2026-02-20 08:26:41 WARNING     version: 1.0.8-5+b1
2026-02-20 08:26:41 WARNING     architecture: amd64
2026-02-20 08:26:41 WARNING     status: broken
2026-02-20 08:26:41 WARNING     reasons:
2026-02-20 08:26:41 WARNING      -
2026-02-20 08:26:41 WARNING       missing:
2026-02-20 08:26:41 WARNING        pkg:
2026-02-20 08:26:41 WARNING         package: init-system-helpers
2026-02-20 08:26:41 WARNING         version: 1.65.2+deb12u1
2026-02-20 08:26:41 WARNING         architecture: all
2026-02-20 08:26:41 WARNING         essential: true
2026-02-20 08:26:41 WARNING         unsat-dependency: usrmerge | usr-is-merged
2026-02-20 08:26:41 WARNING    -
2026-02-20 08:26:41 WARNING     package: libc-bin
2026-02-20 08:26:41 WARNING     version: 2.36-9+deb12u13
2026-02-20 08:26:41 WARNING     architecture: amd64
2026-02-20 08:26:41 WARNING     essential: true
2026-02-20 08:26:41 WARNING     status: broken
2026-02-20 08:26:41 WARNING     reasons:
2026-02-20 08:26:41 WARNING      -
2026-02-20 08:26:41 WARNING       missing:
2026-02-20 08:26:41 WARNING        pkg:
2026-02-20 08:26:41 WARNING         package: init-system-helpers
2026-02-20 08:26:41 WARNING         version: 1.65.2+deb12u1
2026-02-20 08:26:41 WARNING         architecture: all
2026-02-20 08:26:41 WARNING         essential: true
2026-02-20 08:26:41 WARNING         unsat-dependency: usrmerge | usr-is-merged
2026-02-20 08:26:41 WARNING    -
2026-02-20 08:26:41 WARNING     package: libc-l10n
2026-02-20 08:26:41 WARNING     version: 2.36-9+deb12u13
2026-02-20 08:26:41 WARNING     architecture: all
2026-02-20 08:26:41 WARNING     status: broken
2026-02-20 08:26:41 WARNING     reasons:
2026-02-20 08:26:41 WARNING      -
2026-02-20 08:26:41 WARNING       missing:
2026-02-20 08:26:41 WARNING        pkg:
2026-02-20 08:26:41 WARNING         package: init-system-helpers
2026-02-20 08:26:41 WARNING         version: 1.65.2+deb12u1
2026-02-20 08:26:41 WARNING         architecture: all
2026-02-20 08:26:41 WARNING         essential: true
2026-02-20 08:26:41 WARNING         unsat-dependency: usrmerge | usr-is-merged
2026-02-20 08:26:41 WARNING    -
2026-02-20 08:26:41 WARNING     package: libc6
2026-02-20 08:26:41 WARNING     version: 2.36-9+deb12u13
2026-02-20 08:26:41 WARNING     architecture: amd64
2026-02-20 08:26:41 WARNING     status: broken
2026-02-20 08:26:41 WARNING     reasons:
2026-02-20 08:26:41 WARNING      -
2026-02-20 08:26:41 WARNING       missing:
2026-02-20 08:26:41 WARNING        pkg:
2026-02-20 08:26:41 WARNING         package: init-system-helpers
2026-02-20 08:26:41 WARNING         version: 1.65.2+deb12u1
2026-02-20 08:26:41 WARNING         architecture: all
2026-02-20 08:26:41 WARNING         essential: true
2026-02-20 08:26:41 WARNING         unsat-dependency: usrmerge | usr-is-merged
2026-02-20 08:26:41 WARNING    -
2026-02-20 08:26:41 WARNING     package: libcap-ng0
2026-02-20 08:26:41 WARNING     version: 0.8.3-1+b3
2026-02-20 08:26:41 WARNING     architecture: amd64
2026-02-20 08:26:41 WARNING     status: broken
2026-02-20 08:26:41 WARNING     reasons:
2026-02-20 08:26:41 WARNING      -
2026-02-20 08:26:41 WARNING       missing:
2026-02-20 08:26:41 WARNING        pkg:
2026-02-20 08:26:41 WARNING         package: init-system-helpers
2026-02-20 08:26:41 WARNING         version: 1.65.2+deb12u1
2026-02-20 08:26:41 WARNING         architecture: all
2026-02-20 08:26:41 WARNING         essential: true
2026-02-20 08:26:41 WARNING         unsat-dependency: usrmerge | usr-is-merged
2026-02-20 08:26:41 WARNING    -
2026-02-20 08:26:41 WARNING     package: libcap2
2026-02-20 08:26:41 WARNING     version: 1:2.66-4+deb12u2
2026-02-20 08:26:41 WARNING     architecture: amd64
2026-02-20 08:26:41 WARNING     status: broken
2026-02-20 08:26:41 WARNING     reasons:
2026-02-20 08:26:41 WARNING      -
2026-02-20 08:26:41 WARNING       missing:
2026-02-20 08:26:41 WARNING        pkg:
2026-02-20 08:26:41 WARNING         package: init-system-helpers
2026-02-20 08:26:41 WARNING         version: 1.65.2+deb12u1
2026-02-20 08:26:41 WARNING         architecture: all
2026-02-20 08:26:41 WARNING         essential: true
2026-02-20 08:26:41 WARNING         unsat-dependency: usrmerge | usr-is-merged
2026-02-20 08:26:41 WARNING    -
2026-02-20 08:26:41 WARNING     package: libcap2-bin
2026-02-20 08:26:41 WARNING     version: 1:2.66-4+deb12u2
2026-02-20 08:26:41 WARNING     architecture: amd64
2026-02-20 08:26:41 WARNING     status: broken
2026-02-20 08:26:41 WARNING     reasons:
2026-02-20 08:26:41 WARNING      -
2026-02-20 08:26:41 WARNING       missing:
2026-02-20 08:26:41 WARNING        pkg:
2026-02-20 08:26:41 WARNING         package: init-system-helpers
2026-02-20 08:26:41 WARNING         version: 1.65.2+deb12u1
2026-02-20 08:26:41 WARNING         architecture: all
2026-02-20 08:26:41 WARNING         essential: true
2026-02-20 08:26:41 WARNING         unsat-dependency: usrmerge | usr-is-merged
2026-02-20 08:26:41 WARNING    -
2026-02-20 08:26:41 WARNING     package: libcbor0.8
2026-02-20 08:26:41 WARNING     version: 0.8.0-2+b1
2026-02-20 08:26:41 WARNING     architecture: amd64
2026-02-20 08:26:41 WARNING     status: broken
2026-02-20 08:26:41 WARNING     reasons:
2026-02-20 08:26:41 WARNING      -
2026-02-20 08:26:41 WARNING       missing:
2026-02-20 08:26:41 WARNING        pkg:
2026-02-20 08:26:41 WARNING         package: init-system-helpers
2026-02-20 08:26:41 WARNING         version: 1.65.2+deb12u1
2026-02-20 08:26:41 WARNING         architecture: all
2026-02-20 08:26:41 WARNING         essential: true
2026-02-20 08:26:41 WARNING         unsat-dependency: usrmerge | usr-is-merged
2026-02-20 08:26:41 WARNING    -
2026-02-20 08:26:41 WARNING     package: libcom-err2
2026-02-20 08:26:41 WARNING     version: 1.47.0-2+b2
2026-02-20 08:26:41 WARNING     architecture: amd64
2026-02-20 08:26:41 WARNING     status: broken
2026-02-20 08:26:41 WARNING     reasons:
2026-02-20 08:26:41 WARNING      -
2026-02-20 08:26:41 WARNING       missing:
2026-02-20 08:26:41 WARNING        pkg:
2026-02-20 08:26:41 WARNING         package: init-system-helpers
2026-02-20 08:26:41 WARNING         version: 1.65.2+deb12u1
2026-02-20 08:26:41 WARNING         architecture: all
2026-02-20 08:26:41 WARNING         essential: true
2026-02-20 08:26:41 WARNING         unsat-dependency: usrmerge | usr-is-merged
2026-02-20 08:26:41 WARNING    -
2026-02-20 08:26:41 WARNING     package: libcrypt1
2026-02-20 08:26:41 WARNING     version: 1:4.4.33-2
2026-02-20 08:26:41 WARNING     architecture: amd64
2026-02-20 08:26:41 WARNING     status: broken
2026-02-20 08:26:41 WARNING     reasons:
2026-02-20 08:26:41 WARNING      -
2026-02-20 08:26:41 WARNING       missing:
2026-02-20 08:26:41 WARNING        pkg:
2026-02-20 08:26:41 WARNING         package: init-system-helpers
2026-02-20 08:26:41 WARNING         version: 1.65.2+deb12u1
2026-02-20 08:26:41 WARNING         architecture: all
2026-02-20 08:26:41 WARNING         essential: true
2026-02-20 08:26:41 WARNING         unsat-dependency: usrmerge | usr-is-merged
2026-02-20 08:26:41 WARNING    -
2026-02-20 08:26:41 WARNING     package: libcryptsetup12
2026-02-20 08:26:41 WARNING     version: 2:2.6.1-4~deb12u2
2026-02-20 08:26:41 WARNING     architecture: amd64
2026-02-20 08:26:41 WARNING     status: broken
2026-02-20 08:26:41 WARNING     reasons:
2026-02-20 08:26:41 WARNING      -
2026-02-20 08:26:41 WARNING       missing:
2026-02-20 08:26:41 WARNING        pkg:
2026-02-20 08:26:41 WARNING         package: init-system-helpers
2026-02-20 08:26:41 WARNING         version: 1.65.2+deb12u1
2026-02-20 08:26:41 WARNING         architecture: all
2026-02-20 08:26:41 WARNING         essential: true
2026-02-20 08:26:41 WARNING         unsat-dependency: usrmerge | usr-is-merged
2026-02-20 08:26:41 WARNING    -
2026-02-20 08:26:41 WARNING     package: libdb5.3
2026-02-20 08:26:41 WARNING     version: 5.3.28+dfsg2-1
2026-02-20 08:26:41 WARNING     architecture: amd64
2026-02-20 08:26:41 WARNING     status: broken
2026-02-20 08:26:41 WARNING     reasons:
2026-02-20 08:26:41 WARNING      -
2026-02-20 08:26:41 WARNING       missing:
2026-02-20 08:26:41 WARNING        pkg:
2026-02-20 08:26:41 WARNING         package: init-system-helpers
2026-02-20 08:26:41 WARNING         version: 1.65.2+deb12u1
2026-02-20 08:26:41 WARNING         architecture: all
2026-02-20 08:26:41 WARNING         essential: true
2026-02-20 08:26:41 WARNING         unsat-dependency: usrmerge | usr-is-merged
2026-02-20 08:26:41 WARNING    -
2026-02-20 08:26:41 WARNING     package: libdbus-1-3
2026-02-20 08:26:41 WARNING     version: 1.14.10-1~deb12u1
2026-02-20 08:26:41 WARNING     architecture: amd64
2026-02-20 08:26:41 WARNING     status: broken
2026-02-20 08:26:41 WARNING     reasons:
2026-02-20 08:26:41 WARNING      -
2026-02-20 08:26:41 WARNING       missing:
2026-02-20 08:26:41 WARNING        pkg:
2026-02-20 08:26:41 WARNING         package: init-system-helpers
2026-02-20 08:26:41 WARNING         version: 1.65.2+deb12u1
2026-02-20 08:26:41 WARNING         architecture: all
2026-02-20 08:26:41 WARNING         essential: true
2026-02-20 08:26:41 WARNING         unsat-dependency: usrmerge | usr-is-merged
2026-02-20 08:26:41 WARNING    -
2026-02-20 08:26:41 WARNING     package: libdebconfclient0
2026-02-20 08:26:41 WARNING     version: 0.270
2026-02-20 08:26:41 WARNING     architecture: amd64
2026-02-20 08:26:41 WARNING     status: broken
2026-02-20 08:26:41 WARNING     reasons:
2026-02-20 08:26:41 WARNING      -
2026-02-20 08:26:41 WARNING       missing:
2026-02-20 08:26:41 WARNING        pkg:
2026-02-20 08:26:41 WARNING         package: init-system-helpers
2026-02-20 08:26:41 WARNING         version: 1.65.2+deb12u1
2026-02-20 08:26:41 WARNING         architecture: all
2026-02-20 08:26:41 WARNING         essential: true
2026-02-20 08:26:41 WARNING         unsat-dependency: usrmerge | usr-is-merged
2026-02-20 08:26:41 WARNING    -
2026-02-20 08:26:41 WARNING     package: libdebian-installer4
2026-02-20 08:26:41 WARNING     version: 0.124
2026-02-20 08:26:41 WARNING     architecture: amd64
2026-02-20 08:26:41 WARNING     status: broken
2026-02-20 08:26:41 WARNING     reasons:
2026-02-20 08:26:41 WARNING      -
2026-02-20 08:26:41 WARNING       missing:
2026-02-20 08:26:41 WARNING        pkg:
2026-02-20 08:26:41 WARNING         package: init-system-helpers
2026-02-20 08:26:41 WARNING         version: 1.65.2+deb12u1
2026-02-20 08:26:41 WARNING         architecture: all
2026-02-20 08:26:41 WARNING         essential: true
2026-02-20 08:26:41 WARNING         unsat-dependency: usrmerge | usr-is-merged
2026-02-20 08:26:41 WARNING    -
2026-02-20 08:26:41 WARNING     package: libdevmapper1.02.1
2026-02-20 08:26:41 WARNING     version: 2:1.02.185-2
2026-02-20 08:26:41 WARNING     architecture: amd64
2026-02-20 08:26:41 WARNING     status: broken
2026-02-20 08:26:41 WARNING     reasons:
2026-02-20 08:26:41 WARNING      -
2026-02-20 08:26:41 WARNING       missing:
2026-02-20 08:26:41 WARNING        pkg:
2026-02-20 08:26:41 WARNING         package: init-system-helpers
2026-02-20 08:26:41 WARNING         version: 1.65.2+deb12u1
2026-02-20 08:26:41 WARNING         architecture: all
2026-02-20 08:26:41 WARNING         essential: true
2026-02-20 08:26:41 WARNING         unsat-dependency: usrmerge | usr-is-merged
2026-02-20 08:26:41 WARNING    -
2026-02-20 08:26:41 WARNING     package: libedit2
2026-02-20 08:26:41 WARNING     version: 3.1-20221030-2
2026-02-20 08:26:41 WARNING     architecture: amd64
2026-02-20 08:26:41 WARNING     status: broken
2026-02-20 08:26:41 WARNING     reasons:
2026-02-20 08:26:41 WARNING      -
2026-02-20 08:26:41 WARNING       missing:
2026-02-20 08:26:41 WARNING        pkg:
2026-02-20 08:26:41 WARNING         package: init-system-helpers
2026-02-20 08:26:41 WARNING         version: 1.65.2+deb12u1
2026-02-20 08:26:41 WARNING         architecture: all
2026-02-20 08:26:41 WARNING         essential: true
2026-02-20 08:26:41 WARNING         unsat-dependency: usrmerge | usr-is-merged
2026-02-20 08:26:41 WARNING    -
2026-02-20 08:26:41 WARNING     package: libefiboot1
2026-02-20 08:26:41 WARNING     version: 37-6
2026-02-20 08:26:41 WARNING     architecture: amd64
2026-02-20 08:26:41 WARNING     status: broken
2026-02-20 08:26:41 WARNING     reasons:
2026-02-20 08:26:41 WARNING      -
2026-02-20 08:26:41 WARNING       missing:
2026-02-20 08:26:41 WARNING        pkg:
2026-02-20 08:26:41 WARNING         package: init-system-helpers
2026-02-20 08:26:41 WARNING         version: 1.65.2+deb12u1
2026-02-20 08:26:41 WARNING         architecture: all
2026-02-20 08:26:41 WARNING         essential: true
2026-02-20 08:26:41 WARNING         unsat-dependency: usrmerge | usr-is-merged
2026-02-20 08:26:41 WARNING    -
2026-02-20 08:26:41 WARNING     package: libefivar1
2026-02-20 08:26:41 WARNING     version: 37-6
2026-02-20 08:26:41 WARNING     architecture: amd64
2026-02-20 08:26:41 WARNING     status: broken
2026-02-20 08:26:41 WARNING     reasons:
2026-02-20 08:26:41 WARNING      -
2026-02-20 08:26:41 WARNING       missing:
2026-02-20 08:26:41 WARNING        pkg:
2026-02-20 08:26:41 WARNING         package: init-system-helpers
2026-02-20 08:26:41 WARNING         version: 1.65.2+deb12u1
2026-02-20 08:26:41 WARNING         architecture: all
2026-02-20 08:26:41 WARNING         essential: true
2026-02-20 08:26:41 WARNING         unsat-dependency: usrmerge | usr-is-merged
2026-02-20 08:26:41 WARNING    -
2026-02-20 08:26:41 WARNING     package: libelf1
2026-02-20 08:26:41 WARNING     version: 0.188-2.1
2026-02-20 08:26:41 WARNING     architecture: amd64
2026-02-20 08:26:41 WARNING     status: broken
2026-02-20 08:26:41 WARNING     reasons:
2026-02-20 08:26:41 WARNING      -
2026-02-20 08:26:41 WARNING       missing:
2026-02-20 08:26:41 WARNING        pkg:
2026-02-20 08:26:41 WARNING         package: init-system-helpers
2026-02-20 08:26:41 WARNING         version: 1.65.2+deb12u1
2026-02-20 08:26:41 WARNING         architecture: all
2026-02-20 08:26:41 WARNING         essential: true
2026-02-20 08:26:41 WARNING         unsat-dependency: usrmerge | usr-is-merged
2026-02-20 08:26:41 WARNING    -
2026-02-20 08:26:41 WARNING     package: libelogind0
2026-02-20 08:26:41 WARNING     version: 246.10-1debian1
2026-02-20 08:26:41 WARNING     architecture: amd64
2026-02-20 08:26:41 WARNING     status: broken
2026-02-20 08:26:41 WARNING     reasons:
2026-02-20 08:26:41 WARNING      -
2026-02-20 08:26:41 WARNING       missing:
2026-02-20 08:26:41 WARNING        pkg:
2026-02-20 08:26:41 WARNING         package: init-system-helpers
2026-02-20 08:26:41 WARNING         version: 1.65.2+deb12u1
2026-02-20 08:26:41 WARNING         architecture: all
2026-02-20 08:26:41 WARNING         essential: true
2026-02-20 08:26:41 WARNING         unsat-dependency: usrmerge | usr-is-merged
2026-02-20 08:26:41 WARNING    -
2026-02-20 08:26:41 WARNING     package: libexpat1
2026-02-20 08:26:41 WARNING     version: 2.5.0-1+deb12u2
2026-02-20 08:26:41 WARNING     architecture: amd64
2026-02-20 08:26:41 WARNING     status: broken
2026-02-20 08:26:41 WARNING     reasons:
2026-02-20 08:26:41 WARNING      -
2026-02-20 08:26:41 WARNING       missing:
2026-02-20 08:26:41 WARNING        pkg:
2026-02-20 08:26:41 WARNING         package: init-system-helpers
2026-02-20 08:26:41 WARNING         version: 1.65.2+deb12u1
2026-02-20 08:26:41 WARNING         architecture: all
2026-02-20 08:26:41 WARNING         essential: true
2026-02-20 08:26:41 WARNING         unsat-dependency: usrmerge | usr-is-merged
2026-02-20 08:26:41 WARNING    -
2026-02-20 08:26:41 WARNING     package: libext2fs2
2026-02-20 08:26:41 WARNING     version: 1.47.0-2+b2
2026-02-20 08:26:41 WARNING     architecture: amd64
2026-02-20 08:26:41 WARNING     status: broken
2026-02-20 08:26:41 WARNING     reasons:
2026-02-20 08:26:41 WARNING      -
2026-02-20 08:26:41 WARNING       missing:
2026-02-20 08:26:41 WARNING        pkg:
2026-02-20 08:26:41 WARNING         package: init-system-helpers
2026-02-20 08:26:41 WARNING         version: 1.65.2+deb12u1
2026-02-20 08:26:41 WARNING         architecture: all
2026-02-20 08:26:41 WARNING         essential: true
2026-02-20 08:26:41 WARNING         unsat-dependency: usrmerge | usr-is-merged
2026-02-20 08:26:41 WARNING    -
2026-02-20 08:26:41 WARNING     package: libfdisk1
2026-02-20 08:26:41 WARNING     version: 2.38.1-5+deb12u3
2026-02-20 08:26:41 WARNING     architecture: amd64
2026-02-20 08:26:41 WARNING     status: broken
2026-02-20 08:26:41 WARNING     reasons:
2026-02-20 08:26:41 WARNING      -
2026-02-20 08:26:41 WARNING       missing:
2026-02-20 08:26:41 WARNING        pkg:
2026-02-20 08:26:41 WARNING         package: init-system-helpers
2026-02-20 08:26:41 WARNING         version: 1.65.2+deb12u1
2026-02-20 08:26:41 WARNING         architecture: all
2026-02-20 08:26:41 WARNING         essential: true
2026-02-20 08:26:41 WARNING         unsat-dependency: usrmerge | usr-is-merged
2026-02-20 08:26:41 WARNING    -
2026-02-20 08:26:41 WARNING     package: libffi8
2026-02-20 08:26:41 WARNING     version: 3.4.4-1
2026-02-20 08:26:41 WARNING     architecture: amd64
2026-02-20 08:26:41 WARNING     status: broken
2026-02-20 08:26:41 WARNING     reasons:
2026-02-20 08:26:41 WARNING      -
2026-02-20 08:26:41 WARNING       missing:
2026-02-20 08:26:41 WARNING        pkg:
2026-02-20 08:26:41 WARNING         package: init-system-helpers
2026-02-20 08:26:41 WARNING         version: 1.65.2+deb12u1
2026-02-20 08:26:41 WARNING         architecture: all
2026-02-20 08:26:41 WARNING         essential: true
2026-02-20 08:26:41 WARNING         unsat-dependency: usrmerge | usr-is-merged
2026-02-20 08:26:41 WARNING    -
2026-02-20 08:26:41 WARNING     package: libfido2-1
2026-02-20 08:26:41 WARNING     version: 1.12.0-2+b1
2026-02-20 08:26:41 WARNING     architecture: amd64
2026-02-20 08:26:41 WARNING     status: broken
2026-02-20 08:26:41 WARNING     reasons:
2026-02-20 08:26:41 WARNING      -
2026-02-20 08:26:41 WARNING       missing:
2026-02-20 08:26:41 WARNING        pkg:
2026-02-20 08:26:41 WARNING         package: init-system-helpers
2026-02-20 08:26:41 WARNING         version: 1.65.2+deb12u1
2026-02-20 08:26:41 WARNING         architecture: all
2026-02-20 08:26:41 WARNING         essential: true
2026-02-20 08:26:41 WARNING         unsat-dependency: usrmerge | usr-is-merged
2026-02-20 08:26:41 WARNING    -
2026-02-20 08:26:41 WARNING     package: libfreetype6
2026-02-20 08:26:41 WARNING     version: 2.12.1+dfsg-5+deb12u4
2026-02-20 08:26:41 WARNING     architecture: amd64
2026-02-20 08:26:41 WARNING     status: broken
2026-02-20 08:26:41 WARNING     reasons:
2026-02-20 08:26:41 WARNING      -
2026-02-20 08:26:41 WARNING       missing:
2026-02-20 08:26:41 WARNING        pkg:
2026-02-20 08:26:41 WARNING         package: init-system-helpers
2026-02-20 08:26:41 WARNING         version: 1.65.2+deb12u1
2026-02-20 08:26:41 WARNING         architecture: all
2026-02-20 08:26:41 WARNING         essential: true
2026-02-20 08:26:41 WARNING         unsat-dependency: usrmerge | usr-is-merged
2026-02-20 08:26:41 WARNING    -
2026-02-20 08:26:41 WARNING     package: libfstrm0
2026-02-20 08:26:41 WARNING     version: 0.6.1-1
2026-02-20 08:26:41 WARNING     architecture: amd64
2026-02-20 08:26:41 WARNING     status: broken
2026-02-20 08:26:41 WARNING     reasons:
2026-02-20 08:26:41 WARNING      -
2026-02-20 08:26:41 WARNING       missing:
2026-02-20 08:26:41 WARNING        pkg:
2026-02-20 08:26:41 WARNING         package: init-system-helpers
2026-02-20 08:26:41 WARNING         version: 1.65.2+deb12u1
2026-02-20 08:26:41 WARNING         architecture: all
2026-02-20 08:26:41 WARNING         essential: true
2026-02-20 08:26:41 WARNING         unsat-dependency: usrmerge | usr-is-merged
2026-02-20 08:26:41 WARNING    -
2026-02-20 08:26:41 WARNING     package: libfuse2
2026-02-20 08:26:41 WARNING     version: 2.9.9-6+b1
2026-02-20 08:26:41 WARNING     architecture: amd64
2026-02-20 08:26:41 WARNING     status: broken
2026-02-20 08:26:41 WARNING     reasons:
2026-02-20 08:26:41 WARNING      -
2026-02-20 08:26:41 WARNING       missing:
2026-02-20 08:26:41 WARNING        pkg:
2026-02-20 08:26:41 WARNING         package: init-system-helpers
2026-02-20 08:26:41 WARNING         version: 1.65.2+deb12u1
2026-02-20 08:26:41 WARNING         architecture: all
2026-02-20 08:26:41 WARNING         essential: true
2026-02-20 08:26:41 WARNING         unsat-dependency: usrmerge | usr-is-merged
2026-02-20 08:26:41 WARNING    -
2026-02-20 08:26:41 WARNING     package: libgcc-s1
2026-02-20 08:26:41 WARNING     version: 12.2.0-14+deb12u1
2026-02-20 08:26:41 WARNING     architecture: amd64
2026-02-20 08:26:41 WARNING     status: broken
2026-02-20 08:26:41 WARNING     reasons:
2026-02-20 08:26:41 WARNING      -
2026-02-20 08:26:41 WARNING       missing:
2026-02-20 08:26:41 WARNING        pkg:
2026-02-20 08:26:41 WARNING         package: init-system-helpers
2026-02-20 08:26:41 WARNING         version: 1.65.2+deb12u1
2026-02-20 08:26:41 WARNING         architecture: all
2026-02-20 08:26:41 WARNING         essential: true
2026-02-20 08:26:41 WARNING         unsat-dependency: usrmerge | usr-is-merged
2026-02-20 08:26:41 WARNING    -
2026-02-20 08:26:41 WARNING     package: libgcrypt20
2026-02-20 08:26:41 WARNING     version: 1.10.1-3
2026-02-20 08:26:41 WARNING     architecture: amd64
2026-02-20 08:26:41 WARNING     status: broken
2026-02-20 08:26:41 WARNING     reasons:
2026-02-20 08:26:41 WARNING      -
2026-02-20 08:26:41 WARNING       missing:
2026-02-20 08:26:41 WARNING        pkg:
2026-02-20 08:26:41 WARNING         package: init-system-helpers
2026-02-20 08:26:41 WARNING         version: 1.65.2+deb12u1
2026-02-20 08:26:41 WARNING         architecture: all
2026-02-20 08:26:41 WARNING         essential: true
2026-02-20 08:26:41 WARNING         unsat-dependency: usrmerge | usr-is-merged
2026-02-20 08:26:41 WARNING    -
2026-02-20 08:26:41 WARNING     package: libgdbm6
2026-02-20 08:26:41 WARNING     version: 1.23-3
2026-02-20 08:26:41 WARNING     architecture: amd64
2026-02-20 08:26:41 WARNING     status: broken
2026-02-20 08:26:41 WARNING     reasons:
2026-02-20 08:26:41 WARNING      -
2026-02-20 08:26:41 WARNING       missing:
2026-02-20 08:26:41 WARNING        pkg:
2026-02-20 08:26:41 WARNING         package: init-system-helpers
2026-02-20 08:26:41 WARNING         version: 1.65.2+deb12u1
2026-02-20 08:26:41 WARNING         architecture: all
2026-02-20 08:26:41 WARNING         essential: true
2026-02-20 08:26:41 WARNING         unsat-dependency: usrmerge | usr-is-merged
2026-02-20 08:26:41 WARNING    -
2026-02-20 08:26:41 WARNING     package: libgmp10
2026-02-20 08:26:41 WARNING     version: 2:6.2.1+dfsg1-1.1
2026-02-20 08:26:41 WARNING     architecture: amd64
2026-02-20 08:26:41 WARNING     status: broken
2026-02-20 08:26:41 WARNING     reasons:
2026-02-20 08:26:41 WARNING      -
2026-02-20 08:26:41 WARNING       missing:
2026-02-20 08:26:41 WARNING        pkg:
2026-02-20 08:26:41 WARNING         package: init-system-helpers
2026-02-20 08:26:41 WARNING         version: 1.65.2+deb12u1
2026-02-20 08:26:41 WARNING         architecture: all
2026-02-20 08:26:41 WARNING         essential: true
2026-02-20 08:26:41 WARNING         unsat-dependency: usrmerge | usr-is-merged
2026-02-20 08:26:41 WARNING    -
2026-02-20 08:26:41 WARNING     package: libgnutls30
2026-02-20 08:26:41 WARNING     version: 3.7.9-2+deb12u5
2026-02-20 08:26:41 WARNING     architecture: amd64
2026-02-20 08:26:41 WARNING     status: broken
2026-02-20 08:26:41 WARNING     reasons:
2026-02-20 08:26:41 WARNING      -
2026-02-20 08:26:41 WARNING       missing:
2026-02-20 08:26:41 WARNING        pkg:
2026-02-20 08:26:41 WARNING         package: init-system-helpers
2026-02-20 08:26:41 WARNING         version: 1.65.2+deb12u1
2026-02-20 08:26:41 WARNING         architecture: all
2026-02-20 08:26:41 WARNING         essential: true
2026-02-20 08:26:41 WARNING         unsat-dependency: usrmerge | usr-is-merged
2026-02-20 08:26:41 WARNING    -
2026-02-20 08:26:41 WARNING     package: libgpg-error0
2026-02-20 08:26:41 WARNING     version: 1.46-1
2026-02-20 08:26:41 WARNING     architecture: amd64
2026-02-20 08:26:41 WARNING     status: broken
2026-02-20 08:26:41 WARNING     reasons:
2026-02-20 08:26:41 WARNING      -
2026-02-20 08:26:41 WARNING       missing:
2026-02-20 08:26:41 WARNING        pkg:
2026-02-20 08:26:41 WARNING         package: init-system-helpers
2026-02-20 08:26:41 WARNING         version: 1.65.2+deb12u1
2026-02-20 08:26:41 WARNING         architecture: all
2026-02-20 08:26:41 WARNING         essential: true
2026-02-20 08:26:41 WARNING         unsat-dependency: usrmerge | usr-is-merged
2026-02-20 08:26:41 WARNING    -
2026-02-20 08:26:41 WARNING     package: libgssapi-krb5-2
2026-02-20 08:26:41 WARNING     version: 1.20.1-2+deb12u4
2026-02-20 08:26:41 WARNING     architecture: amd64
2026-02-20 08:26:41 WARNING     status: broken
2026-02-20 08:26:41 WARNING     reasons:
2026-02-20 08:26:41 WARNING      -
2026-02-20 08:26:41 WARNING       missing:
2026-02-20 08:26:41 WARNING        pkg:
2026-02-20 08:26:41 WARNING         package: init-system-helpers
2026-02-20 08:26:41 WARNING         version: 1.65.2+deb12u1
2026-02-20 08:26:41 WARNING         architecture: all
2026-02-20 08:26:41 WARNING         essential: true
2026-02-20 08:26:41 WARNING         unsat-dependency: usrmerge | usr-is-merged
2026-02-20 08:26:41 WARNING    -
2026-02-20 08:26:41 WARNING     package: libhogweed6
2026-02-20 08:26:41 WARNING     version: 3.8.1-2
2026-02-20 08:26:41 WARNING     architecture: amd64
2026-02-20 08:26:41 WARNING     status: broken
2026-02-20 08:26:41 WARNING     reasons:
2026-02-20 08:26:41 WARNING      -
2026-02-20 08:26:41 WARNING       missing:
2026-02-20 08:26:41 WARNING        pkg:
2026-02-20 08:26:41 WARNING         package: init-system-helpers
2026-02-20 08:26:41 WARNING         version: 1.65.2+deb12u1
2026-02-20 08:26:41 WARNING         architecture: all
2026-02-20 08:26:41 WARNING         essential: true
2026-02-20 08:26:41 WARNING         unsat-dependency: usrmerge | usr-is-merged
2026-02-20 08:26:41 WARNING    -
2026-02-20 08:26:41 WARNING     package: libidn2-0
2026-02-20 08:26:41 WARNING     version: 2.3.3-1+b1
2026-02-20 08:26:41 WARNING     architecture: amd64
2026-02-20 08:26:41 WARNING     status: broken
2026-02-20 08:26:41 WARNING     reasons:
2026-02-20 08:26:41 WARNING      -
2026-02-20 08:26:41 WARNING       missing:
2026-02-20 08:26:41 WARNING        pkg:
2026-02-20 08:26:41 WARNING         package: init-system-helpers
2026-02-20 08:26:41 WARNING         version: 1.65.2+deb12u1
2026-02-20 08:26:41 WARNING         architecture: all
2026-02-20 08:26:41 WARNING         essential: true
2026-02-20 08:26:41 WARNING         unsat-dependency: usrmerge | usr-is-merged
2026-02-20 08:26:41 WARNING    -
2026-02-20 08:26:41 WARNING     package: libjemalloc2
2026-02-20 08:26:41 WARNING     version: 5.3.0-1
2026-02-20 08:26:41 WARNING     architecture: amd64
2026-02-20 08:26:41 WARNING     status: broken
2026-02-20 08:26:41 WARNING     reasons:
2026-02-20 08:26:41 WARNING      -
2026-02-20 08:26:41 WARNING       missing:
2026-02-20 08:26:41 WARNING        pkg:
2026-02-20 08:26:41 WARNING         package: init-system-helpers
2026-02-20 08:26:41 WARNING         version: 1.65.2+deb12u1
2026-02-20 08:26:41 WARNING         architecture: all
2026-02-20 08:26:41 WARNING         essential: true
2026-02-20 08:26:41 WARNING         unsat-dependency: usrmerge | usr-is-merged
2026-02-20 08:26:41 WARNING    -
2026-02-20 08:26:41 WARNING     package: libjson-c5
2026-02-20 08:26:41 WARNING     version: 0.16-2
2026-02-20 08:26:41 WARNING     architecture: amd64
2026-02-20 08:26:41 WARNING     status: broken
2026-02-20 08:26:41 WARNING     reasons:
2026-02-20 08:26:41 WARNING      -
2026-02-20 08:26:41 WARNING       missing:
2026-02-20 08:26:41 WARNING        pkg:
2026-02-20 08:26:41 WARNING         package: init-system-helpers
2026-02-20 08:26:41 WARNING         version: 1.65.2+deb12u1
2026-02-20 08:26:41 WARNING         architecture: all
2026-02-20 08:26:41 WARNING         essential: true
2026-02-20 08:26:41 WARNING         unsat-dependency: usrmerge | usr-is-merged
2026-02-20 08:26:41 WARNING    -
2026-02-20 08:26:41 WARNING     package: libk5crypto3
2026-02-20 08:26:41 WARNING     version: 1.20.1-2+deb12u4
2026-02-20 08:26:41 WARNING     architecture: amd64
2026-02-20 08:26:41 WARNING     status: broken
2026-02-20 08:26:41 WARNING     reasons:
2026-02-20 08:26:41 WARNING      -
2026-02-20 08:26:41 WARNING       missing:
2026-02-20 08:26:41 WARNING        pkg:
2026-02-20 08:26:41 WARNING         package: init-system-helpers
2026-02-20 08:26:41 WARNING         version: 1.65.2+deb12u1
2026-02-20 08:26:41 WARNING         architecture: all
2026-02-20 08:26:41 WARNING         essential: true
2026-02-20 08:26:41 WARNING         unsat-dependency: usrmerge | usr-is-merged
2026-02-20 08:26:41 WARNING    -
2026-02-20 08:26:41 WARNING     package: libkeyutils1
2026-02-20 08:26:41 WARNING     version: 1.6.3-2
2026-02-20 08:26:41 WARNING     architecture: amd64
2026-02-20 08:26:41 WARNING     status: broken
2026-02-20 08:26:41 WARNING     reasons:
2026-02-20 08:26:41 WARNING      -
2026-02-20 08:26:41 WARNING       missing:
2026-02-20 08:26:41 WARNING        pkg:
2026-02-20 08:26:41 WARNING         package: init-system-helpers
2026-02-20 08:26:41 WARNING         version: 1.65.2+deb12u1
2026-02-20 08:26:41 WARNING         architecture: all
2026-02-20 08:26:41 WARNING         essential: true
2026-02-20 08:26:41 WARNING         unsat-dependency: usrmerge | usr-is-merged
2026-02-20 08:26:41 WARNING    -
2026-02-20 08:26:41 WARNING     package: libklibc
2026-02-20 08:26:41 WARNING     version: 2.0.12-1
2026-02-20 08:26:41 WARNING     architecture: amd64
2026-02-20 08:26:41 WARNING     status: broken
2026-02-20 08:26:41 WARNING     reasons:
2026-02-20 08:26:41 WARNING      -
2026-02-20 08:26:41 WARNING       missing:
2026-02-20 08:26:41 WARNING        pkg:
2026-02-20 08:26:41 WARNING         package: init-system-helpers
2026-02-20 08:26:41 WARNING         version: 1.65.2+deb12u1
2026-02-20 08:26:41 WARNING         architecture: all
2026-02-20 08:26:41 WARNING         essential: true
2026-02-20 08:26:41 WARNING         unsat-dependency: usrmerge | usr-is-merged
2026-02-20 08:26:41 WARNING    -
2026-02-20 08:26:41 WARNING     package: libkmod2
2026-02-20 08:26:41 WARNING     version: 30+20221128-1
2026-02-20 08:26:41 WARNING     architecture: amd64
2026-02-20 08:26:41 WARNING     status: broken
2026-02-20 08:26:41 WARNING     reasons:
2026-02-20 08:26:41 WARNING      -
2026-02-20 08:26:41 WARNING       missing:
2026-02-20 08:26:41 WARNING        pkg:
2026-02-20 08:26:41 WARNING         package: init-system-helpers
2026-02-20 08:26:41 WARNING         version: 1.65.2+deb12u1
2026-02-20 08:26:41 WARNING         architecture: all
2026-02-20 08:26:41 WARNING         essential: true
2026-02-20 08:26:41 WARNING         unsat-dependency: usrmerge | usr-is-merged
2026-02-20 08:26:41 WARNING    -
2026-02-20 08:26:41 WARNING     package: libkrb5-3
2026-02-20 08:26:41 WARNING     version: 1.20.1-2+deb12u4
2026-02-20 08:26:41 WARNING     architecture: amd64
2026-02-20 08:26:41 WARNING     status: broken
2026-02-20 08:26:41 WARNING     reasons:
2026-02-20 08:26:41 WARNING      -
2026-02-20 08:26:41 WARNING       missing:
2026-02-20 08:26:41 WARNING        pkg:
2026-02-20 08:26:41 WARNING         package: init-system-helpers
2026-02-20 08:26:41 WARNING         version: 1.65.2+deb12u1
2026-02-20 08:26:41 WARNING         architecture: all
2026-02-20 08:26:41 WARNING         essential: true
2026-02-20 08:26:41 WARNING         unsat-dependency: usrmerge | usr-is-merged
2026-02-20 08:26:41 WARNING    -
2026-02-20 08:26:41 WARNING     package: libkrb5support0
2026-02-20 08:26:41 WARNING     version: 1.20.1-2+deb12u4
2026-02-20 08:26:41 WARNING     architecture: amd64
2026-02-20 08:26:41 WARNING     status: broken
2026-02-20 08:26:41 WARNING     reasons:
2026-02-20 08:26:41 WARNING      -
2026-02-20 08:26:41 WARNING       missing:
2026-02-20 08:26:41 WARNING        pkg:
2026-02-20 08:26:41 WARNING         package: init-system-helpers
2026-02-20 08:26:41 WARNING         version: 1.65.2+deb12u1
2026-02-20 08:26:41 WARNING         architecture: all
2026-02-20 08:26:41 WARNING         essential: true
2026-02-20 08:26:41 WARNING         unsat-dependency: usrmerge | usr-is-merged
2026-02-20 08:26:41 WARNING    -
2026-02-20 08:26:41 WARNING     package: liblmdb0
2026-02-20 08:26:41 WARNING     version: 0.9.24-1
2026-02-20 08:26:41 WARNING     architecture: amd64
2026-02-20 08:26:41 WARNING     status: broken
2026-02-20 08:26:41 WARNING     reasons:
2026-02-20 08:26:41 WARNING      -
2026-02-20 08:26:41 WARNING       missing:
2026-02-20 08:26:41 WARNING        pkg:
2026-02-20 08:26:41 WARNING         package: init-system-helpers
2026-02-20 08:26:41 WARNING         version: 1.65.2+deb12u1
2026-02-20 08:26:41 WARNING         architecture: all
2026-02-20 08:26:41 WARNING         essential: true
2026-02-20 08:26:41 WARNING         unsat-dependency: usrmerge | usr-is-merged
2026-02-20 08:26:41 WARNING    -
2026-02-20 08:26:41 WARNING     package: liblocale-gettext-perl
2026-02-20 08:26:41 WARNING     version: 1.07-5
2026-02-20 08:26:41 WARNING     architecture: amd64
2026-02-20 08:26:41 WARNING     status: broken
2026-02-20 08:26:41 WARNING     reasons:
2026-02-20 08:26:41 WARNING      -
2026-02-20 08:26:41 WARNING       missing:
2026-02-20 08:26:41 WARNING        pkg:
2026-02-20 08:26:41 WARNING         package: init-system-helpers
2026-02-20 08:26:41 WARNING         version: 1.65.2+deb12u1
2026-02-20 08:26:41 WARNING         architecture: all
2026-02-20 08:26:41 WARNING         essential: true
2026-02-20 08:26:41 WARNING         unsat-dependency: usrmerge | usr-is-merged
2026-02-20 08:26:41 WARNING    -
2026-02-20 08:26:41 WARNING     package: liblockfile-bin
2026-02-20 08:26:41 WARNING     version: 1.17-1+b1
2026-02-20 08:26:41 WARNING     architecture: amd64
2026-02-20 08:26:41 WARNING     status: broken
2026-02-20 08:26:41 WARNING     reasons:
2026-02-20 08:26:41 WARNING      -
2026-02-20 08:26:41 WARNING       missing:
2026-02-20 08:26:41 WARNING        pkg:
2026-02-20 08:26:41 WARNING         package: init-system-helpers
2026-02-20 08:26:41 WARNING         version: 1.65.2+deb12u1
2026-02-20 08:26:41 WARNING         architecture: all
2026-02-20 08:26:41 WARNING         essential: true
2026-02-20 08:26:41 WARNING         unsat-dependency: usrmerge | usr-is-merged
2026-02-20 08:26:41 WARNING    -
2026-02-20 08:26:41 WARNING     package: liblz4-1
2026-02-20 08:26:41 WARNING     version: 1.9.4-1
2026-02-20 08:26:41 WARNING     architecture: amd64
2026-02-20 08:26:41 WARNING     status: broken
2026-02-20 08:26:41 WARNING     reasons:
2026-02-20 08:26:41 WARNING      -
2026-02-20 08:26:41 WARNING       missing:
2026-02-20 08:26:41 WARNING        pkg:
2026-02-20 08:26:41 WARNING         package: init-system-helpers
2026-02-20 08:26:41 WARNING         version: 1.65.2+deb12u1
2026-02-20 08:26:41 WARNING         architecture: all
2026-02-20 08:26:41 WARNING         essential: true
2026-02-20 08:26:41 WARNING         unsat-dependency: usrmerge | usr-is-merged
2026-02-20 08:26:41 WARNING    -
2026-02-20 08:26:41 WARNING     package: liblzma5
2026-02-20 08:26:41 WARNING     version: 5.4.1-1
2026-02-20 08:26:41 WARNING     architecture: amd64
2026-02-20 08:26:41 WARNING     status: broken
2026-02-20 08:26:41 WARNING     reasons:
2026-02-20 08:26:41 WARNING      -
2026-02-20 08:26:41 WARNING       missing:
2026-02-20 08:26:41 WARNING        pkg:
2026-02-20 08:26:41 WARNING         package: init-system-helpers
2026-02-20 08:26:41 WARNING         version: 1.65.2+deb12u1
2026-02-20 08:26:41 WARNING         architecture: all
2026-02-20 08:26:41 WARNING         essential: true
2026-02-20 08:26:41 WARNING         unsat-dependency: usrmerge | usr-is-merged
2026-02-20 08:26:41 WARNING    -
2026-02-20 08:26:41 WARNING     package: libmagic-mgc
2026-02-20 08:26:41 WARNING     version: 1:5.44-3
2026-02-20 08:26:41 WARNING     architecture: amd64
2026-02-20 08:26:41 WARNING     status: broken
2026-02-20 08:26:41 WARNING     reasons:
2026-02-20 08:26:41 WARNING      -
2026-02-20 08:26:41 WARNING       missing:
2026-02-20 08:26:41 WARNING        pkg:
2026-02-20 08:26:41 WARNING         package: init-system-helpers
2026-02-20 08:26:41 WARNING         version: 1.65.2+deb12u1
2026-02-20 08:26:41 WARNING         architecture: all
2026-02-20 08:26:41 WARNING         essential: true
2026-02-20 08:26:41 WARNING         unsat-dependency: usrmerge | usr-is-merged
2026-02-20 08:26:41 WARNING    -
2026-02-20 08:26:41 WARNING     package: libmagic1
2026-02-20 08:26:41 WARNING     version: 1:5.44-3
2026-02-20 08:26:41 WARNING     architecture: amd64
2026-02-20 08:26:41 WARNING     status: broken
2026-02-20 08:26:41 WARNING     reasons:
2026-02-20 08:26:41 WARNING      -
2026-02-20 08:26:41 WARNING       missing:
2026-02-20 08:26:41 WARNING        pkg:
2026-02-20 08:26:41 WARNING         package: init-system-helpers
2026-02-20 08:26:41 WARNING         version: 1.65.2+deb12u1
2026-02-20 08:26:41 WARNING         architecture: all
2026-02-20 08:26:41 WARNING         essential: true
2026-02-20 08:26:41 WARNING         unsat-dependency: usrmerge | usr-is-merged
2026-02-20 08:26:41 WARNING    -
2026-02-20 08:26:41 WARNING     package: libmaxminddb0
2026-02-20 08:26:41 WARNING     version: 1.7.1-1
2026-02-20 08:26:41 WARNING     architecture: amd64
2026-02-20 08:26:41 WARNING     status: broken
2026-02-20 08:26:41 WARNING     reasons:
2026-02-20 08:26:41 WARNING      -
2026-02-20 08:26:41 WARNING       missing:
2026-02-20 08:26:41 WARNING        pkg:
2026-02-20 08:26:41 WARNING         package: init-system-helpers
2026-02-20 08:26:41 WARNING         version: 1.65.2+deb12u1
2026-02-20 08:26:41 WARNING         architecture: all
2026-02-20 08:26:41 WARNING         essential: true
2026-02-20 08:26:41 WARNING         unsat-dependency: usrmerge | usr-is-merged
2026-02-20 08:26:41 WARNING    -
2026-02-20 08:26:41 WARNING     package: libmd0
2026-02-20 08:26:41 WARNING     version: 1.0.4-2
2026-02-20 08:26:41 WARNING     architecture: amd64
2026-02-20 08:26:41 WARNING     status: broken
2026-02-20 08:26:41 WARNING     reasons:
2026-02-20 08:26:41 WARNING      -
2026-02-20 08:26:41 WARNING       missing:
2026-02-20 08:26:41 WARNING        pkg:
2026-02-20 08:26:41 WARNING         package: init-system-helpers
2026-02-20 08:26:41 WARNING         version: 1.65.2+deb12u1
2026-02-20 08:26:41 WARNING         architecture: all
2026-02-20 08:26:41 WARNING         essential: true
2026-02-20 08:26:41 WARNING         unsat-dependency: usrmerge | usr-is-merged
2026-02-20 08:26:41 WARNING    -
2026-02-20 08:26:41 WARNING     package: libmnl0
2026-02-20 08:26:41 WARNING     version: 1.0.4-3
2026-02-20 08:26:41 WARNING     architecture: amd64
2026-02-20 08:26:41 WARNING     status: broken
2026-02-20 08:26:41 WARNING     reasons:
2026-02-20 08:26:41 WARNING      -
2026-02-20 08:26:41 WARNING       missing:
2026-02-20 08:26:41 WARNING        pkg:
2026-02-20 08:26:41 WARNING         package: init-system-helpers
2026-02-20 08:26:41 WARNING         version: 1.65.2+deb12u1
2026-02-20 08:26:41 WARNING         architecture: all
2026-02-20 08:26:41 WARNING         essential: true
2026-02-20 08:26:41 WARNING         unsat-dependency: usrmerge | usr-is-merged
2026-02-20 08:26:41 WARNING    -
2026-02-20 08:26:41 WARNING     package: libmount1
2026-02-20 08:26:41 WARNING     version: 2.38.1-5+deb12u3
2026-02-20 08:26:41 WARNING     architecture: amd64
2026-02-20 08:26:41 WARNING     status: broken
2026-02-20 08:26:41 WARNING     reasons:
2026-02-20 08:26:41 WARNING      -
2026-02-20 08:26:41 WARNING       missing:
2026-02-20 08:26:41 WARNING        pkg:
2026-02-20 08:26:41 WARNING         package: init-system-helpers
2026-02-20 08:26:41 WARNING         version: 1.65.2+deb12u1
2026-02-20 08:26:41 WARNING         architecture: all
2026-02-20 08:26:41 WARNING         essential: true
2026-02-20 08:26:41 WARNING         unsat-dependency: usrmerge | usr-is-merged
2026-02-20 08:26:41 WARNING    -
2026-02-20 08:26:41 WARNING     package: libncursesw6
2026-02-20 08:26:41 WARNING     version: 6.4-4
2026-02-20 08:26:41 WARNING     architecture: amd64
2026-02-20 08:26:41 WARNING     status: broken
2026-02-20 08:26:41 WARNING     reasons:
2026-02-20 08:26:41 WARNING      -
2026-02-20 08:26:41 WARNING       missing:
2026-02-20 08:26:41 WARNING        pkg:
2026-02-20 08:26:41 WARNING         package: init-system-helpers
2026-02-20 08:26:41 WARNING         version: 1.65.2+deb12u1
2026-02-20 08:26:41 WARNING         architecture: all
2026-02-20 08:26:41 WARNING         essential: true
2026-02-20 08:26:41 WARNING         unsat-dependency: usrmerge | usr-is-merged
2026-02-20 08:26:41 WARNING    -
2026-02-20 08:26:41 WARNING     package: libnettle8
2026-02-20 08:26:41 WARNING     version: 3.8.1-2
2026-02-20 08:26:41 WARNING     architecture: amd64
2026-02-20 08:26:41 WARNING     status: broken
2026-02-20 08:26:41 WARNING     reasons:
2026-02-20 08:26:41 WARNING      -
2026-02-20 08:26:41 WARNING       missing:
2026-02-20 08:26:41 WARNING        pkg:
2026-02-20 08:26:41 WARNING         package: init-system-helpers
2026-02-20 08:26:41 WARNING         version: 1.65.2+deb12u1
2026-02-20 08:26:41 WARNING         architecture: all
2026-02-20 08:26:41 WARNING         essential: true
2026-02-20 08:26:41 WARNING         unsat-dependency: usrmerge | usr-is-merged
2026-02-20 08:26:41 WARNING    -
2026-02-20 08:26:41 WARNING     package: libnewt0.52
2026-02-20 08:26:41 WARNING     version: 0.52.23-1+b1
2026-02-20 08:26:41 WARNING     architecture: amd64
2026-02-20 08:26:41 WARNING     status: broken
2026-02-20 08:26:41 WARNING     reasons:
2026-02-20 08:26:41 WARNING      -
2026-02-20 08:26:41 WARNING       missing:
2026-02-20 08:26:41 WARNING        pkg:
2026-02-20 08:26:41 WARNING         package: init-system-helpers
2026-02-20 08:26:41 WARNING         version: 1.65.2+deb12u1
2026-02-20 08:26:41 WARNING         architecture: all
2026-02-20 08:26:41 WARNING         essential: true
2026-02-20 08:26:41 WARNING         unsat-dependency: usrmerge | usr-is-merged
2026-02-20 08:26:41 WARNING    -
2026-02-20 08:26:41 WARNING     package: libnghttp2-14
2026-02-20 08:26:41 WARNING     version: 1.52.0-1+deb12u2
2026-02-20 08:26:41 WARNING     architecture: amd64
2026-02-20 08:26:41 WARNING     status: broken
2026-02-20 08:26:41 WARNING     reasons:
2026-02-20 08:26:41 WARNING      -
2026-02-20 08:26:41 WARNING       missing:
2026-02-20 08:26:41 WARNING        pkg:
2026-02-20 08:26:41 WARNING         package: init-system-helpers
2026-02-20 08:26:41 WARNING         version: 1.65.2+deb12u1
2026-02-20 08:26:41 WARNING         architecture: all
2026-02-20 08:26:41 WARNING         essential: true
2026-02-20 08:26:41 WARNING         unsat-dependency: usrmerge | usr-is-merged
2026-02-20 08:26:41 WARNING    -
2026-02-20 08:26:41 WARNING     package: libnss-systemd
2026-02-20 08:26:41 WARNING     version: 252.39-1~deb12u1
2026-02-20 08:26:41 WARNING     architecture: amd64
2026-02-20 08:26:41 WARNING     status: broken
2026-02-20 08:26:41 WARNING     reasons:
2026-02-20 08:26:41 WARNING      -
2026-02-20 08:26:41 WARNING       missing:
2026-02-20 08:26:41 WARNING        pkg:
2026-02-20 08:26:41 WARNING         package: init-system-helpers
2026-02-20 08:26:41 WARNING         version: 1.65.2+deb12u1
2026-02-20 08:26:41 WARNING         architecture: all
2026-02-20 08:26:41 WARNING         essential: true
2026-02-20 08:26:41 WARNING         unsat-dependency: usrmerge | usr-is-merged
2026-02-20 08:26:41 WARNING    -
2026-02-20 08:26:41 WARNING     package: libp11-kit0
2026-02-20 08:26:41 WARNING     version: 0.24.1-2
2026-02-20 08:26:41 WARNING     architecture: amd64
2026-02-20 08:26:41 WARNING     status: broken
2026-02-20 08:26:41 WARNING     reasons:
2026-02-20 08:26:41 WARNING      -
2026-02-20 08:26:41 WARNING       missing:
2026-02-20 08:26:41 WARNING        pkg:
2026-02-20 08:26:41 WARNING         package: init-system-helpers
2026-02-20 08:26:41 WARNING         version: 1.65.2+deb12u1
2026-02-20 08:26:41 WARNING         architecture: all
2026-02-20 08:26:41 WARNING         essential: true
2026-02-20 08:26:41 WARNING         unsat-dependency: usrmerge | usr-is-merged
2026-02-20 08:26:41 WARNING    -
2026-02-20 08:26:41 WARNING     package: libpam-modules
2026-02-20 08:26:41 WARNING     version: 1.5.2-6+deb12u1
2026-02-20 08:26:41 WARNING     architecture: amd64
2026-02-20 08:26:41 WARNING     status: broken
2026-02-20 08:26:41 WARNING     reasons:
2026-02-20 08:26:41 WARNING      -
2026-02-20 08:26:41 WARNING       missing:
2026-02-20 08:26:41 WARNING        pkg:
2026-02-20 08:26:41 WARNING         package: init-system-helpers
2026-02-20 08:26:41 WARNING         version: 1.65.2+deb12u1
2026-02-20 08:26:41 WARNING         architecture: all
2026-02-20 08:26:41 WARNING         essential: true
2026-02-20 08:26:41 WARNING         unsat-dependency: usrmerge | usr-is-merged
2026-02-20 08:26:41 WARNING    -
2026-02-20 08:26:41 WARNING     package: libpam-modules-bin
2026-02-20 08:26:41 WARNING     version: 1.5.2-6+deb12u1
2026-02-20 08:26:41 WARNING     architecture: amd64
2026-02-20 08:26:41 WARNING     status: broken
2026-02-20 08:26:41 WARNING     reasons:
2026-02-20 08:26:41 WARNING      -
2026-02-20 08:26:41 WARNING       missing:
2026-02-20 08:26:41 WARNING        pkg:
2026-02-20 08:26:41 WARNING         package: init-system-helpers
2026-02-20 08:26:41 WARNING         version: 1.65.2+deb12u1
2026-02-20 08:26:41 WARNING         architecture: all
2026-02-20 08:26:41 WARNING         essential: true
2026-02-20 08:26:41 WARNING         unsat-dependency: usrmerge | usr-is-merged
2026-02-20 08:26:41 WARNING    -
2026-02-20 08:26:41 WARNING     package: libpam-runtime
2026-02-20 08:26:41 WARNING     version: 1.5.2-6+deb12u1
2026-02-20 08:26:41 WARNING     architecture: all
2026-02-20 08:26:41 WARNING     status: broken
2026-02-20 08:26:41 WARNING     reasons:
2026-02-20 08:26:41 WARNING      -
2026-02-20 08:26:41 WARNING       missing:
2026-02-20 08:26:41 WARNING        pkg:
2026-02-20 08:26:41 WARNING         package: init-system-helpers
2026-02-20 08:26:41 WARNING         version: 1.65.2+deb12u1
2026-02-20 08:26:41 WARNING         architecture: all
2026-02-20 08:26:41 WARNING         essential: true
2026-02-20 08:26:41 WARNING         unsat-dependency: usrmerge | usr-is-merged
2026-02-20 08:26:41 WARNING    -
2026-02-20 08:26:41 WARNING     package: libpam-systemd
2026-02-20 08:26:41 WARNING     version: 252.39-1~deb12u1
2026-02-20 08:26:41 WARNING     architecture: amd64
2026-02-20 08:26:41 WARNING     status: broken
2026-02-20 08:26:41 WARNING     reasons:
2026-02-20 08:26:41 WARNING      -
2026-02-20 08:26:41 WARNING       missing:
2026-02-20 08:26:41 WARNING        pkg:
2026-02-20 08:26:41 WARNING         package: init-system-helpers
2026-02-20 08:26:41 WARNING         version: 1.65.2+deb12u1
2026-02-20 08:26:41 WARNING         architecture: all
2026-02-20 08:26:41 WARNING         essential: true
2026-02-20 08:26:41 WARNING         unsat-dependency: usrmerge | usr-is-merged
2026-02-20 08:26:41 WARNING    -
2026-02-20 08:26:41 WARNING     package: libpam0g
2026-02-20 08:26:41 WARNING     version: 1.5.2-6+deb12u1
2026-02-20 08:26:41 WARNING     architecture: amd64
2026-02-20 08:26:41 WARNING     status: broken
2026-02-20 08:26:41 WARNING     reasons:
2026-02-20 08:26:41 WARNING      -
2026-02-20 08:26:41 WARNING       missing:
2026-02-20 08:26:41 WARNING        pkg:
2026-02-20 08:26:41 WARNING         package: init-system-helpers
2026-02-20 08:26:41 WARNING         version: 1.65.2+deb12u1
2026-02-20 08:26:41 WARNING         architecture: all
2026-02-20 08:26:41 WARNING         essential: true
2026-02-20 08:26:41 WARNING         unsat-dependency: usrmerge | usr-is-merged
2026-02-20 08:26:41 WARNING    -
2026-02-20 08:26:41 WARNING     package: libpci3
2026-02-20 08:26:41 WARNING     version: 1:3.9.0-4
2026-02-20 08:26:41 WARNING     architecture: amd64
2026-02-20 08:26:41 WARNING     status: broken
2026-02-20 08:26:41 WARNING     reasons:
2026-02-20 08:26:41 WARNING      -
2026-02-20 08:26:41 WARNING       missing:
2026-02-20 08:26:41 WARNING        pkg:
2026-02-20 08:26:41 WARNING         package: init-system-helpers
2026-02-20 08:26:41 WARNING         version: 1.65.2+deb12u1
2026-02-20 08:26:41 WARNING         architecture: all
2026-02-20 08:26:41 WARNING         essential: true
2026-02-20 08:26:41 WARNING         unsat-dependency: usrmerge | usr-is-merged
2026-02-20 08:26:41 WARNING    -
2026-02-20 08:26:41 WARNING     package: libpcre2-8-0
2026-02-20 08:26:41 WARNING     version: 10.42-1
2026-02-20 08:26:41 WARNING     architecture: amd64
2026-02-20 08:26:41 WARNING     status: broken
2026-02-20 08:26:41 WARNING     reasons:
2026-02-20 08:26:41 WARNING      -
2026-02-20 08:26:41 WARNING       missing:
2026-02-20 08:26:41 WARNING        pkg:
2026-02-20 08:26:41 WARNING         package: init-system-helpers
2026-02-20 08:26:41 WARNING         version: 1.65.2+deb12u1
2026-02-20 08:26:41 WARNING         architecture: all
2026-02-20 08:26:41 WARNING         essential: true
2026-02-20 08:26:41 WARNING         unsat-dependency: usrmerge | usr-is-merged
2026-02-20 08:26:41 WARNING    -
2026-02-20 08:26:41 WARNING     package: libpipeline1
2026-02-20 08:26:41 WARNING     version: 1.5.7-1
2026-02-20 08:26:41 WARNING     architecture: amd64
2026-02-20 08:26:41 WARNING     status: broken
2026-02-20 08:26:41 WARNING     reasons:
2026-02-20 08:26:41 WARNING      -
2026-02-20 08:26:41 WARNING       missing:
2026-02-20 08:26:41 WARNING        pkg:
2026-02-20 08:26:41 WARNING         package: init-system-helpers
2026-02-20 08:26:41 WARNING         version: 1.65.2+deb12u1
2026-02-20 08:26:41 WARNING         architecture: all
2026-02-20 08:26:41 WARNING         essential: true
2026-02-20 08:26:41 WARNING         unsat-dependency: usrmerge | usr-is-merged
2026-02-20 08:26:41 WARNING    -
2026-02-20 08:26:41 WARNING     package: libpng16-16
2026-02-20 08:26:41 WARNING     version: 1.6.39-2
2026-02-20 08:26:41 WARNING     architecture: amd64
2026-02-20 08:26:41 WARNING     status: broken
2026-02-20 08:26:41 WARNING     reasons:
2026-02-20 08:26:41 WARNING      -
2026-02-20 08:26:41 WARNING       missing:
2026-02-20 08:26:41 WARNING        pkg:
2026-02-20 08:26:41 WARNING         package: init-system-helpers
2026-02-20 08:26:41 WARNING         version: 1.65.2+deb12u1
2026-02-20 08:26:41 WARNING         architecture: all
2026-02-20 08:26:41 WARNING         essential: true
2026-02-20 08:26:41 WARNING         unsat-dependency: usrmerge | usr-is-merged
2026-02-20 08:26:41 WARNING    -
2026-02-20 08:26:41 WARNING     package: libpopt0
2026-02-20 08:26:41 WARNING     version: 1.19+dfsg-1
2026-02-20 08:26:41 WARNING     architecture: amd64
2026-02-20 08:26:41 WARNING     status: broken
2026-02-20 08:26:41 WARNING     reasons:
2026-02-20 08:26:41 WARNING      -
2026-02-20 08:26:41 WARNING       missing:
2026-02-20 08:26:41 WARNING        pkg:
2026-02-20 08:26:41 WARNING         package: init-system-helpers
2026-02-20 08:26:41 WARNING         version: 1.65.2+deb12u1
2026-02-20 08:26:41 WARNING         architecture: all
2026-02-20 08:26:41 WARNING         essential: true
2026-02-20 08:26:41 WARNING         unsat-dependency: usrmerge | usr-is-merged
2026-02-20 08:26:41 WARNING    -
2026-02-20 08:26:41 WARNING     package: libprotobuf-c1
2026-02-20 08:26:41 WARNING     version: 1.4.1-1+b1
2026-02-20 08:26:41 WARNING     architecture: amd64
2026-02-20 08:26:41 WARNING     status: broken
2026-02-20 08:26:41 WARNING     reasons:
2026-02-20 08:26:41 WARNING      -
2026-02-20 08:26:41 WARNING       missing:
2026-02-20 08:26:41 WARNING        pkg:
2026-02-20 08:26:41 WARNING         package: init-system-helpers
2026-02-20 08:26:41 WARNING         version: 1.65.2+deb12u1
2026-02-20 08:26:41 WARNING         architecture: all
2026-02-20 08:26:41 WARNING         essential: true
2026-02-20 08:26:41 WARNING         unsat-dependency: usrmerge | usr-is-merged
2026-02-20 08:26:41 WARNING    -
2026-02-20 08:26:41 WARNING     package: libpsl5
2026-02-20 08:26:41 WARNING     version: 0.21.2-1
2026-02-20 08:26:41 WARNING     architecture: amd64
2026-02-20 08:26:41 WARNING     status: broken
2026-02-20 08:26:41 WARNING     reasons:
2026-02-20 08:26:41 WARNING      -
2026-02-20 08:26:41 WARNING       missing:
2026-02-20 08:26:41 WARNING        pkg:
2026-02-20 08:26:41 WARNING         package: init-system-helpers
2026-02-20 08:26:41 WARNING         version: 1.65.2+deb12u1
2026-02-20 08:26:41 WARNING         architecture: all
2026-02-20 08:26:41 WARNING         essential: true
2026-02-20 08:26:41 WARNING         unsat-dependency: usrmerge | usr-is-merged
2026-02-20 08:26:41 WARNING    -
2026-02-20 08:26:41 WARNING     package: libpython3-stdlib
2026-02-20 08:26:41 WARNING     version: 3.11.2-1+b1
2026-02-20 08:26:41 WARNING     architecture: amd64
2026-02-20 08:26:41 WARNING     status: broken
2026-02-20 08:26:41 WARNING     reasons:
2026-02-20 08:26:41 WARNING      -
2026-02-20 08:26:41 WARNING       missing:
2026-02-20 08:26:41 WARNING        pkg:
2026-02-20 08:26:41 WARNING         package: init-system-helpers
2026-02-20 08:26:41 WARNING         version: 1.65.2+deb12u1
2026-02-20 08:26:41 WARNING         architecture: all
2026-02-20 08:26:41 WARNING         essential: true
2026-02-20 08:26:41 WARNING         unsat-dependency: usrmerge | usr-is-merged
2026-02-20 08:26:41 WARNING    -
2026-02-20 08:26:41 WARNING     package: libreadline8
2026-02-20 08:26:41 WARNING     version: 8.2-1.3
2026-02-20 08:26:41 WARNING     architecture: amd64
2026-02-20 08:26:41 WARNING     status: broken
2026-02-20 08:26:41 WARNING     reasons:
2026-02-20 08:26:41 WARNING      -
2026-02-20 08:26:41 WARNING       missing:
2026-02-20 08:26:41 WARNING        pkg:
2026-02-20 08:26:41 WARNING         package: init-system-helpers
2026-02-20 08:26:41 WARNING         version: 1.65.2+deb12u1
2026-02-20 08:26:41 WARNING         architecture: all
2026-02-20 08:26:41 WARNING         essential: true
2026-02-20 08:26:41 WARNING         unsat-dependency: usrmerge | usr-is-merged
2026-02-20 08:26:41 WARNING    -
2026-02-20 08:26:41 WARNING     package: libseccomp2
2026-02-20 08:26:41 WARNING     version: 2.5.4-1+deb12u1
2026-02-20 08:26:41 WARNING     architecture: amd64
2026-02-20 08:26:41 WARNING     status: broken
2026-02-20 08:26:41 WARNING     reasons:
2026-02-20 08:26:41 WARNING      -
2026-02-20 08:26:41 WARNING       missing:
2026-02-20 08:26:41 WARNING        pkg:
2026-02-20 08:26:41 WARNING         package: init-system-helpers
2026-02-20 08:26:41 WARNING         version: 1.65.2+deb12u1
2026-02-20 08:26:41 WARNING         architecture: all
2026-02-20 08:26:41 WARNING         essential: true
2026-02-20 08:26:41 WARNING         unsat-dependency: usrmerge | usr-is-merged
2026-02-20 08:26:41 WARNING    -
2026-02-20 08:26:41 WARNING     package: libselinux1
2026-02-20 08:26:41 WARNING     version: 3.4-1+b6
2026-02-20 08:26:41 WARNING     architecture: amd64
2026-02-20 08:26:41 WARNING     status: broken
2026-02-20 08:26:41 WARNING     reasons:
2026-02-20 08:26:41 WARNING      -
2026-02-20 08:26:41 WARNING       missing:
2026-02-20 08:26:41 WARNING        pkg:
2026-02-20 08:26:41 WARNING         package: init-system-helpers
2026-02-20 08:26:41 WARNING         version: 1.65.2+deb12u1
2026-02-20 08:26:41 WARNING         architecture: all
2026-02-20 08:26:41 WARNING         essential: true
2026-02-20 08:26:41 WARNING         unsat-dependency: usrmerge | usr-is-merged
2026-02-20 08:26:41 WARNING    -
2026-02-20 08:26:41 WARNING     package: libsemanage-common
2026-02-20 08:26:41 WARNING     version: 3.4-1
2026-02-20 08:26:41 WARNING     architecture: all
2026-02-20 08:26:41 WARNING     status: broken
2026-02-20 08:26:41 WARNING     reasons:
2026-02-20 08:26:41 WARNING      -
2026-02-20 08:26:41 WARNING       missing:
2026-02-20 08:26:41 WARNING        pkg:
2026-02-20 08:26:41 WARNING         package: init-system-helpers
2026-02-20 08:26:41 WARNING         version: 1.65.2+deb12u1
2026-02-20 08:26:41 WARNING         architecture: all
2026-02-20 08:26:41 WARNING         essential: true
2026-02-20 08:26:41 WARNING         unsat-dependency: usrmerge | usr-is-merged
2026-02-20 08:26:41 WARNING    -
2026-02-20 08:26:41 WARNING     package: libsemanage2
2026-02-20 08:26:41 WARNING     version: 3.4-1+b5
2026-02-20 08:26:41 WARNING     architecture: amd64
2026-02-20 08:26:41 WARNING     status: broken
2026-02-20 08:26:41 WARNING     reasons:
2026-02-20 08:26:41 WARNING      -
2026-02-20 08:26:41 WARNING       missing:
2026-02-20 08:26:41 WARNING        pkg:
2026-02-20 08:26:41 WARNING         package: init-system-helpers
2026-02-20 08:26:41 WARNING         version: 1.65.2+deb12u1
2026-02-20 08:26:41 WARNING         architecture: all
2026-02-20 08:26:41 WARNING         essential: true
2026-02-20 08:26:41 WARNING         unsat-dependency: usrmerge | usr-is-merged
2026-02-20 08:26:41 WARNING    -
2026-02-20 08:26:41 WARNING     package: libsepol2
2026-02-20 08:26:41 WARNING     version: 3.4-2.1
2026-02-20 08:26:41 WARNING     architecture: amd64
2026-02-20 08:26:41 WARNING     status: broken
2026-02-20 08:26:41 WARNING     reasons:
2026-02-20 08:26:41 WARNING      -
2026-02-20 08:26:41 WARNING       missing:
2026-02-20 08:26:41 WARNING        pkg:
2026-02-20 08:26:41 WARNING         package: init-system-helpers
2026-02-20 08:26:41 WARNING         version: 1.65.2+deb12u1
2026-02-20 08:26:41 WARNING         architecture: all
2026-02-20 08:26:41 WARNING         essential: true
2026-02-20 08:26:41 WARNING         unsat-dependency: usrmerge | usr-is-merged
2026-02-20 08:26:41 WARNING    -
2026-02-20 08:26:41 WARNING     package: libslang2
2026-02-20 08:26:41 WARNING     version: 2.3.3-3
2026-02-20 08:26:41 WARNING     architecture: amd64
2026-02-20 08:26:41 WARNING     status: broken
2026-02-20 08:26:41 WARNING     reasons:
2026-02-20 08:26:41 WARNING      -
2026-02-20 08:26:41 WARNING       missing:
2026-02-20 08:26:41 WARNING        pkg:
2026-02-20 08:26:41 WARNING         package: init-system-helpers
2026-02-20 08:26:41 WARNING         version: 1.65.2+deb12u1
2026-02-20 08:26:41 WARNING         architecture: all
2026-02-20 08:26:41 WARNING         essential: true
2026-02-20 08:26:41 WARNING         unsat-dependency: usrmerge | usr-is-merged
2026-02-20 08:26:41 WARNING    -
2026-02-20 08:26:41 WARNING     package: libsmartcols1
2026-02-20 08:26:41 WARNING     version: 2.38.1-5+deb12u3
2026-02-20 08:26:41 WARNING     architecture: amd64
2026-02-20 08:26:41 WARNING     status: broken
2026-02-20 08:26:41 WARNING     reasons:
2026-02-20 08:26:41 WARNING      -
2026-02-20 08:26:41 WARNING       missing:
2026-02-20 08:26:41 WARNING        pkg:
2026-02-20 08:26:41 WARNING         package: init-system-helpers
2026-02-20 08:26:41 WARNING         version: 1.65.2+deb12u1
2026-02-20 08:26:41 WARNING         architecture: all
2026-02-20 08:26:41 WARNING         essential: true
2026-02-20 08:26:41 WARNING         unsat-dependency: usrmerge | usr-is-merged
2026-02-20 08:26:41 WARNING    -
2026-02-20 08:26:41 WARNING     package: libss2
2026-02-20 08:26:41 WARNING     version: 1.47.0-2+b2
2026-02-20 08:26:41 WARNING     architecture: amd64
2026-02-20 08:26:41 WARNING     status: broken
2026-02-20 08:26:41 WARNING     reasons:
2026-02-20 08:26:41 WARNING      -
2026-02-20 08:26:41 WARNING       missing:
2026-02-20 08:26:41 WARNING        pkg:
2026-02-20 08:26:41 WARNING         package: init-system-helpers
2026-02-20 08:26:41 WARNING         version: 1.65.2+deb12u1
2026-02-20 08:26:41 WARNING         architecture: all
2026-02-20 08:26:41 WARNING         essential: true
2026-02-20 08:26:41 WARNING         unsat-dependency: usrmerge | usr-is-merged
2026-02-20 08:26:41 WARNING    -
2026-02-20 08:26:41 WARNING     package: libstdc++6
2026-02-20 08:26:41 WARNING     version: 12.2.0-14+deb12u1
2026-02-20 08:26:41 WARNING     architecture: amd64
2026-02-20 08:26:41 WARNING     status: broken
2026-02-20 08:26:41 WARNING     reasons:
2026-02-20 08:26:41 WARNING      -
2026-02-20 08:26:41 WARNING       missing:
2026-02-20 08:26:41 WARNING        pkg:
2026-02-20 08:26:41 WARNING         package: init-system-helpers
2026-02-20 08:26:41 WARNING         version: 1.65.2+deb12u1
2026-02-20 08:26:41 WARNING         architecture: all
2026-02-20 08:26:41 WARNING         essential: true
2026-02-20 08:26:41 WARNING         unsat-dependency: usrmerge | usr-is-merged
2026-02-20 08:26:41 WARNING    -
2026-02-20 08:26:41 WARNING     package: libsystemd0
2026-02-20 08:26:41 WARNING     version: 252.39-1~deb12u1
2026-02-20 08:26:41 WARNING     architecture: amd64
2026-02-20 08:26:41 WARNING     status: broken
2026-02-20 08:26:41 WARNING     reasons:
2026-02-20 08:26:41 WARNING      -
2026-02-20 08:26:41 WARNING       missing:
2026-02-20 08:26:41 WARNING        pkg:
2026-02-20 08:26:41 WARNING         package: init-system-helpers
2026-02-20 08:26:41 WARNING         version: 1.65.2+deb12u1
2026-02-20 08:26:41 WARNING         architecture: all
2026-02-20 08:26:41 WARNING         essential: true
2026-02-20 08:26:41 WARNING         unsat-dependency: usrmerge | usr-is-merged
2026-02-20 08:26:41 WARNING    -
2026-02-20 08:26:41 WARNING     package: libtasn1-6
2026-02-20 08:26:41 WARNING     version: 4.19.0-2+deb12u1
2026-02-20 08:26:41 WARNING     architecture: amd64
2026-02-20 08:26:41 WARNING     status: broken
2026-02-20 08:26:41 WARNING     reasons:
2026-02-20 08:26:41 WARNING      -
2026-02-20 08:26:41 WARNING       missing:
2026-02-20 08:26:41 WARNING        pkg:
2026-02-20 08:26:41 WARNING         package: init-system-helpers
2026-02-20 08:26:41 WARNING         version: 1.65.2+deb12u1
2026-02-20 08:26:41 WARNING         architecture: all
2026-02-20 08:26:41 WARNING         essential: true
2026-02-20 08:26:41 WARNING         unsat-dependency: usrmerge | usr-is-merged
2026-02-20 08:26:41 WARNING    -
2026-02-20 08:26:41 WARNING     package: libtext-charwidth-perl
2026-02-20 08:26:41 WARNING     version: 0.04-11
2026-02-20 08:26:41 WARNING     architecture: amd64
2026-02-20 08:26:41 WARNING     status: broken
2026-02-20 08:26:41 WARNING     reasons:
2026-02-20 08:26:41 WARNING      -
2026-02-20 08:26:41 WARNING       missing:
2026-02-20 08:26:41 WARNING        pkg:
2026-02-20 08:26:41 WARNING         package: init-system-helpers
2026-02-20 08:26:41 WARNING         version: 1.65.2+deb12u1
2026-02-20 08:26:41 WARNING         architecture: all
2026-02-20 08:26:41 WARNING         essential: true
2026-02-20 08:26:41 WARNING         unsat-dependency: usrmerge | usr-is-merged
2026-02-20 08:26:41 WARNING    -
2026-02-20 08:26:41 WARNING     package: libtext-iconv-perl
2026-02-20 08:26:41 WARNING     version: 1.7-8
2026-02-20 08:26:41 WARNING     architecture: amd64
2026-02-20 08:26:41 WARNING     status: broken
2026-02-20 08:26:41 WARNING     reasons:
2026-02-20 08:26:41 WARNING      -
2026-02-20 08:26:41 WARNING       missing:
2026-02-20 08:26:41 WARNING        pkg:
2026-02-20 08:26:41 WARNING         package: init-system-helpers
2026-02-20 08:26:41 WARNING         version: 1.65.2+deb12u1
2026-02-20 08:26:41 WARNING         architecture: all
2026-02-20 08:26:41 WARNING         essential: true
2026-02-20 08:26:41 WARNING         unsat-dependency: usrmerge | usr-is-merged
2026-02-20 08:26:41 WARNING    -
2026-02-20 08:26:41 WARNING     package: libtext-wrapi18n-perl
2026-02-20 08:26:41 WARNING     version: 0.06-10
2026-02-20 08:26:41 WARNING     architecture: all
2026-02-20 08:26:41 WARNING     status: broken
2026-02-20 08:26:41 WARNING     reasons:
2026-02-20 08:26:41 WARNING      -
2026-02-20 08:26:41 WARNING       missing:
2026-02-20 08:26:41 WARNING        pkg:
2026-02-20 08:26:41 WARNING         package: init-system-helpers
2026-02-20 08:26:41 WARNING         version: 1.65.2+deb12u1
2026-02-20 08:26:41 WARNING         architecture: all
2026-02-20 08:26:41 WARNING         essential: true
2026-02-20 08:26:41 WARNING         unsat-dependency: usrmerge | usr-is-merged
2026-02-20 08:26:41 WARNING    -
2026-02-20 08:26:41 WARNING     package: libtextwrap1
2026-02-20 08:26:41 WARNING     version: 0.1-16
2026-02-20 08:26:41 WARNING     architecture: amd64
2026-02-20 08:26:41 WARNING     status: broken
2026-02-20 08:26:41 WARNING     reasons:
2026-02-20 08:26:41 WARNING      -
2026-02-20 08:26:41 WARNING       missing:
2026-02-20 08:26:41 WARNING        pkg:
2026-02-20 08:26:41 WARNING         package: init-system-helpers
2026-02-20 08:26:41 WARNING         version: 1.65.2+deb12u1
2026-02-20 08:26:41 WARNING         architecture: all
2026-02-20 08:26:41 WARNING         essential: true
2026-02-20 08:26:41 WARNING         unsat-dependency: usrmerge | usr-is-merged
2026-02-20 08:26:41 WARNING    -
2026-02-20 08:26:41 WARNING     package: libtinfo6
2026-02-20 08:26:41 WARNING     version: 6.4-4
2026-02-20 08:26:41 WARNING     architecture: amd64
2026-02-20 08:26:41 WARNING     status: broken
2026-02-20 08:26:41 WARNING     reasons:
2026-02-20 08:26:41 WARNING      -
2026-02-20 08:26:41 WARNING       missing:
2026-02-20 08:26:41 WARNING        pkg:
2026-02-20 08:26:41 WARNING         package: init-system-helpers
2026-02-20 08:26:41 WARNING         version: 1.65.2+deb12u1
2026-02-20 08:26:41 WARNING         architecture: all
2026-02-20 08:26:41 WARNING         essential: true
2026-02-20 08:26:41 WARNING         unsat-dependency: usrmerge | usr-is-merged
2026-02-20 08:26:41 WARNING    -
2026-02-20 08:26:41 WARNING     package: libtirpc-common
2026-02-20 08:26:41 WARNING     version: 1.3.3+ds-1
2026-02-20 08:26:41 WARNING     architecture: all
2026-02-20 08:26:41 WARNING     status: broken
2026-02-20 08:26:41 WARNING     reasons:
2026-02-20 08:26:41 WARNING      -
2026-02-20 08:26:41 WARNING       missing:
2026-02-20 08:26:41 WARNING        pkg:
2026-02-20 08:26:41 WARNING         package: init-system-helpers
2026-02-20 08:26:41 WARNING         version: 1.65.2+deb12u1
2026-02-20 08:26:41 WARNING         architecture: all
2026-02-20 08:26:41 WARNING         essential: true
2026-02-20 08:26:41 WARNING         unsat-dependency: usrmerge | usr-is-merged
2026-02-20 08:26:41 WARNING    -
2026-02-20 08:26:41 WARNING     package: libtirpc3
2026-02-20 08:26:41 WARNING     version: 1.3.3+ds-1
2026-02-20 08:26:41 WARNING     architecture: amd64
2026-02-20 08:26:41 WARNING     status: broken
2026-02-20 08:26:41 WARNING     reasons:
2026-02-20 08:26:41 WARNING      -
2026-02-20 08:26:41 WARNING       missing:
2026-02-20 08:26:41 WARNING        pkg:
2026-02-20 08:26:41 WARNING         package: init-system-helpers
2026-02-20 08:26:41 WARNING         version: 1.65.2+deb12u1
2026-02-20 08:26:41 WARNING         architecture: all
2026-02-20 08:26:41 WARNING         essential: true
2026-02-20 08:26:41 WARNING         unsat-dependency: usrmerge | usr-is-merged
2026-02-20 08:26:41 WARNING    -
2026-02-20 08:26:41 WARNING     package: libuchardet0
2026-02-20 08:26:41 WARNING     version: 0.0.7-1
2026-02-20 08:26:41 WARNING     architecture: amd64
2026-02-20 08:26:41 WARNING     status: broken
2026-02-20 08:26:41 WARNING     reasons:
2026-02-20 08:26:41 WARNING      -
2026-02-20 08:26:41 WARNING       missing:
2026-02-20 08:26:41 WARNING        pkg:
2026-02-20 08:26:41 WARNING         package: init-system-helpers
2026-02-20 08:26:41 WARNING         version: 1.65.2+deb12u1
2026-02-20 08:26:41 WARNING         architecture: all
2026-02-20 08:26:41 WARNING         essential: true
2026-02-20 08:26:41 WARNING         unsat-dependency: usrmerge | usr-is-merged
2026-02-20 08:26:41 WARNING    -
2026-02-20 08:26:41 WARNING     package: libudev1
2026-02-20 08:26:41 WARNING     version: 252.39-1~deb12u1
2026-02-20 08:26:41 WARNING     architecture: amd64
2026-02-20 08:26:41 WARNING     status: broken
2026-02-20 08:26:41 WARNING     reasons:
2026-02-20 08:26:41 WARNING      -
2026-02-20 08:26:41 WARNING       missing:
2026-02-20 08:26:41 WARNING        pkg:
2026-02-20 08:26:41 WARNING         package: init-system-helpers
2026-02-20 08:26:41 WARNING         version: 1.65.2+deb12u1
2026-02-20 08:26:41 WARNING         architecture: all
2026-02-20 08:26:41 WARNING         essential: true
2026-02-20 08:26:41 WARNING         unsat-dependency: usrmerge | usr-is-merged
2026-02-20 08:26:41 WARNING    -
2026-02-20 08:26:41 WARNING     package: libunistring2
2026-02-20 08:26:41 WARNING     version: 1.0-2
2026-02-20 08:26:41 WARNING     architecture: amd64
2026-02-20 08:26:41 WARNING     status: broken
2026-02-20 08:26:41 WARNING     reasons:
2026-02-20 08:26:41 WARNING      -
2026-02-20 08:26:41 WARNING       missing:
2026-02-20 08:26:41 WARNING        pkg:
2026-02-20 08:26:41 WARNING         package: init-system-helpers
2026-02-20 08:26:41 WARNING         version: 1.65.2+deb12u1
2026-02-20 08:26:41 WARNING         architecture: all
2026-02-20 08:26:41 WARNING         essential: true
2026-02-20 08:26:41 WARNING         unsat-dependency: usrmerge | usr-is-merged
2026-02-20 08:26:41 WARNING    -
2026-02-20 08:26:41 WARNING     package: libuuid1
2026-02-20 08:26:41 WARNING     version: 2.38.1-5+deb12u3
2026-02-20 08:26:41 WARNING     architecture: amd64
2026-02-20 08:26:41 WARNING     status: broken
2026-02-20 08:26:41 WARNING     reasons:
2026-02-20 08:26:41 WARNING      -
2026-02-20 08:26:41 WARNING       missing:
2026-02-20 08:26:41 WARNING        pkg:
2026-02-20 08:26:41 WARNING         package: init-system-helpers
2026-02-20 08:26:41 WARNING         version: 1.65.2+deb12u1
2026-02-20 08:26:41 WARNING         architecture: all
2026-02-20 08:26:41 WARNING         essential: true
2026-02-20 08:26:41 WARNING         unsat-dependency: usrmerge | usr-is-merged
2026-02-20 08:26:41 WARNING    -
2026-02-20 08:26:41 WARNING     package: libuv1
2026-02-20 08:26:41 WARNING     version: 1.44.2-1+deb12u1
2026-02-20 08:26:41 WARNING     architecture: amd64
2026-02-20 08:26:41 WARNING     status: broken
2026-02-20 08:26:41 WARNING     reasons:
2026-02-20 08:26:41 WARNING      -
2026-02-20 08:26:41 WARNING       missing:
2026-02-20 08:26:41 WARNING        pkg:
2026-02-20 08:26:41 WARNING         package: init-system-helpers
2026-02-20 08:26:41 WARNING         version: 1.65.2+deb12u1
2026-02-20 08:26:41 WARNING         architecture: all
2026-02-20 08:26:41 WARNING         essential: true
2026-02-20 08:26:41 WARNING         unsat-dependency: usrmerge | usr-is-merged
2026-02-20 08:26:41 WARNING    -
2026-02-20 08:26:41 WARNING     package: libx11-6
2026-02-20 08:26:41 WARNING     version: 2:1.8.4-2+deb12u2
2026-02-20 08:26:41 WARNING     architecture: amd64
2026-02-20 08:26:41 WARNING     status: broken
2026-02-20 08:26:41 WARNING     reasons:
2026-02-20 08:26:41 WARNING      -
2026-02-20 08:26:41 WARNING       missing:
2026-02-20 08:26:41 WARNING        pkg:
2026-02-20 08:26:41 WARNING         package: init-system-helpers
2026-02-20 08:26:41 WARNING         version: 1.65.2+deb12u1
2026-02-20 08:26:41 WARNING         architecture: all
2026-02-20 08:26:41 WARNING         essential: true
2026-02-20 08:26:41 WARNING         unsat-dependency: usrmerge | usr-is-merged
2026-02-20 08:26:41 WARNING    -
2026-02-20 08:26:41 WARNING     package: libx11-data
2026-02-20 08:26:41 WARNING     version: 2:1.8.4-2+deb12u2
2026-02-20 08:26:41 WARNING     architecture: all
2026-02-20 08:26:41 WARNING     status: broken
2026-02-20 08:26:41 WARNING     reasons:
2026-02-20 08:26:41 WARNING      -
2026-02-20 08:26:41 WARNING       missing:
2026-02-20 08:26:41 WARNING        pkg:
2026-02-20 08:26:41 WARNING         package: init-system-helpers
2026-02-20 08:26:41 WARNING         version: 1.65.2+deb12u1
2026-02-20 08:26:41 WARNING         architecture: all
2026-02-20 08:26:41 WARNING         essential: true
2026-02-20 08:26:41 WARNING         unsat-dependency: usrmerge | usr-is-merged
2026-02-20 08:26:41 WARNING    -
2026-02-20 08:26:41 WARNING     package: libxau6
2026-02-20 08:26:41 WARNING     version: 1:1.0.9-1
2026-02-20 08:26:41 WARNING     architecture: amd64
2026-02-20 08:26:41 WARNING     status: broken
2026-02-20 08:26:41 WARNING     reasons:
2026-02-20 08:26:41 WARNING      -
2026-02-20 08:26:41 WARNING       missing:
2026-02-20 08:26:41 WARNING        pkg:
2026-02-20 08:26:41 WARNING         package: init-system-helpers
2026-02-20 08:26:41 WARNING         version: 1.65.2+deb12u1
2026-02-20 08:26:41 WARNING         architecture: all
2026-02-20 08:26:41 WARNING         essential: true
2026-02-20 08:26:41 WARNING         unsat-dependency: usrmerge | usr-is-merged
2026-02-20 08:26:41 WARNING    -
2026-02-20 08:26:41 WARNING     package: libxcb1
2026-02-20 08:26:41 WARNING     version: 1.15-1
2026-02-20 08:26:41 WARNING     architecture: amd64
2026-02-20 08:26:41 WARNING     status: broken
2026-02-20 08:26:41 WARNING     reasons:
2026-02-20 08:26:41 WARNING      -
2026-02-20 08:26:41 WARNING       missing:
2026-02-20 08:26:41 WARNING        pkg:
2026-02-20 08:26:41 WARNING         package: init-system-helpers
2026-02-20 08:26:41 WARNING         version: 1.65.2+deb12u1
2026-02-20 08:26:41 WARNING         architecture: all
2026-02-20 08:26:41 WARNING         essential: true
2026-02-20 08:26:41 WARNING         unsat-dependency: usrmerge | usr-is-merged
2026-02-20 08:26:41 WARNING    -
2026-02-20 08:26:41 WARNING     package: libxdmcp6
2026-02-20 08:26:41 WARNING     version: 1:1.1.2-3
2026-02-20 08:26:41 WARNING     architecture: amd64
2026-02-20 08:26:41 WARNING     status: broken
2026-02-20 08:26:41 WARNING     reasons:
2026-02-20 08:26:41 WARNING      -
2026-02-20 08:26:41 WARNING       missing:
2026-02-20 08:26:41 WARNING        pkg:
2026-02-20 08:26:41 WARNING         package: init-system-helpers
2026-02-20 08:26:41 WARNING         version: 1.65.2+deb12u1
2026-02-20 08:26:41 WARNING         architecture: all
2026-02-20 08:26:41 WARNING         essential: true
2026-02-20 08:26:41 WARNING         unsat-dependency: usrmerge | usr-is-merged
2026-02-20 08:26:41 WARNING    -
2026-02-20 08:26:41 WARNING     package: libxml2
2026-02-20 08:26:41 WARNING     version: 2.9.14+dfsg-1.3~deb12u4
2026-02-20 08:26:41 WARNING     architecture: amd64
2026-02-20 08:26:41 WARNING     status: broken
2026-02-20 08:26:41 WARNING     reasons:
2026-02-20 08:26:41 WARNING      -
2026-02-20 08:26:41 WARNING       missing:
2026-02-20 08:26:41 WARNING        pkg:
2026-02-20 08:26:41 WARNING         package: init-system-helpers
2026-02-20 08:26:41 WARNING         version: 1.65.2+deb12u1
2026-02-20 08:26:41 WARNING         architecture: all
2026-02-20 08:26:41 WARNING         essential: true
2026-02-20 08:26:41 WARNING         unsat-dependency: usrmerge | usr-is-merged
2026-02-20 08:26:41 WARNING    -
2026-02-20 08:26:41 WARNING     package: libxtables12
2026-02-20 08:26:41 WARNING     version: 1.8.9-2
2026-02-20 08:26:41 WARNING     architecture: amd64
2026-02-20 08:26:41 WARNING     status: broken
2026-02-20 08:26:41 WARNING     reasons:
2026-02-20 08:26:41 WARNING      -
2026-02-20 08:26:41 WARNING       missing:
2026-02-20 08:26:41 WARNING        pkg:
2026-02-20 08:26:41 WARNING         package: init-system-helpers
2026-02-20 08:26:41 WARNING         version: 1.65.2+deb12u1
2026-02-20 08:26:41 WARNING         architecture: all
2026-02-20 08:26:41 WARNING         essential: true
2026-02-20 08:26:41 WARNING         unsat-dependency: usrmerge | usr-is-merged
2026-02-20 08:26:41 WARNING    -
2026-02-20 08:26:41 WARNING     package: libxxhash0
2026-02-20 08:26:41 WARNING     version: 0.8.1-1
2026-02-20 08:26:41 WARNING     architecture: amd64
2026-02-20 08:26:41 WARNING     status: broken
2026-02-20 08:26:41 WARNING     reasons:
2026-02-20 08:26:41 WARNING      -
2026-02-20 08:26:41 WARNING       missing:
2026-02-20 08:26:41 WARNING        pkg:
2026-02-20 08:26:41 WARNING         package: init-system-helpers
2026-02-20 08:26:41 WARNING         version: 1.65.2+deb12u1
2026-02-20 08:26:41 WARNING         architecture: all
2026-02-20 08:26:41 WARNING         essential: true
2026-02-20 08:26:41 WARNING         unsat-dependency: usrmerge | usr-is-merged
2026-02-20 08:26:41 WARNING    -
2026-02-20 08:26:41 WARNING     package: libzstd1
2026-02-20 08:26:41 WARNING     version: 1.5.4+dfsg2-5
2026-02-20 08:26:41 WARNING     architecture: amd64
2026-02-20 08:26:41 WARNING     status: broken
2026-02-20 08:26:41 WARNING     reasons:
2026-02-20 08:26:41 WARNING      -
2026-02-20 08:26:41 WARNING       missing:
2026-02-20 08:26:41 WARNING        pkg:
2026-02-20 08:26:41 WARNING         package: init-system-helpers
2026-02-20 08:26:41 WARNING         version: 1.65.2+deb12u1
2026-02-20 08:26:41 WARNING         architecture: all
2026-02-20 08:26:41 WARNING         essential: true
2026-02-20 08:26:41 WARNING         unsat-dependency: usrmerge | usr-is-merged
2026-02-20 08:26:41 WARNING    -
2026-02-20 08:26:41 WARNING     package: linux-base
2026-02-20 08:26:41 WARNING     version: 4.9
2026-02-20 08:26:41 WARNING     architecture: all
2026-02-20 08:26:41 WARNING     status: broken
2026-02-20 08:26:41 WARNING     reasons:
2026-02-20 08:26:41 WARNING      -
2026-02-20 08:26:41 WARNING       missing:
2026-02-20 08:26:41 WARNING        pkg:
2026-02-20 08:26:41 WARNING         package: init-system-helpers
2026-02-20 08:26:41 WARNING         version: 1.65.2+deb12u1
2026-02-20 08:26:41 WARNING         architecture: all
2026-02-20 08:26:41 WARNING         essential: true
2026-02-20 08:26:41 WARNING         unsat-dependency: usrmerge | usr-is-merged
2026-02-20 08:26:41 WARNING    -
2026-02-20 08:26:41 WARNING     package: linux-headers-6.1.0-43-common
2026-02-20 08:26:41 WARNING     version: 6.1.159-1+untangle1bookworm
2026-02-20 08:26:41 WARNING     architecture: all
2026-02-20 08:26:41 WARNING     status: broken
2026-02-20 08:26:41 WARNING     reasons:
2026-02-20 08:26:41 WARNING      -
2026-02-20 08:26:41 WARNING       missing:
2026-02-20 08:26:41 WARNING        pkg:
2026-02-20 08:26:41 WARNING         package: init-system-helpers
2026-02-20 08:26:41 WARNING         version: 1.65.2+deb12u1
2026-02-20 08:26:41 WARNING         architecture: all
2026-02-20 08:26:41 WARNING         essential: true
2026-02-20 08:26:41 WARNING         unsat-dependency: usrmerge | usr-is-merged
2026-02-20 08:26:41 WARNING    -
2026-02-20 08:26:41 WARNING     package: linux-headers-6.1.0-43-common-rt
2026-02-20 08:26:41 WARNING     version: 6.1.159-1+untangle1bookworm
2026-02-20 08:26:41 WARNING     architecture: all
2026-02-20 08:26:41 WARNING     status: broken
2026-02-20 08:26:41 WARNING     reasons:
2026-02-20 08:26:41 WARNING      -
2026-02-20 08:26:41 WARNING       missing:
2026-02-20 08:26:41 WARNING        pkg:
2026-02-20 08:26:41 WARNING         package: init-system-helpers
2026-02-20 08:26:41 WARNING         version: 1.65.2+deb12u1
2026-02-20 08:26:41 WARNING         architecture: all
2026-02-20 08:26:41 WARNING         essential: true
2026-02-20 08:26:41 WARNING         unsat-dependency: usrmerge | usr-is-merged
2026-02-20 08:26:41 WARNING    -
2026-02-20 08:26:41 WARNING     package: linux-headers-6.1.0-43-common-untangle
2026-02-20 08:26:41 WARNING     version: 6.1.159-1+untangle1bookworm
2026-02-20 08:26:41 WARNING     architecture: all
2026-02-20 08:26:41 WARNING     status: broken
2026-02-20 08:26:41 WARNING     reasons:
2026-02-20 08:26:41 WARNING      -
2026-02-20 08:26:41 WARNING       missing:
2026-02-20 08:26:41 WARNING        pkg:
2026-02-20 08:26:41 WARNING         package: init-system-helpers
2026-02-20 08:26:41 WARNING         version: 1.65.2+deb12u1
2026-02-20 08:26:41 WARNING         architecture: all
2026-02-20 08:26:41 WARNING         essential: true
2026-02-20 08:26:41 WARNING         unsat-dependency: usrmerge | usr-is-merged
2026-02-20 08:26:41 WARNING    -
2026-02-20 08:26:41 WARNING     package: linux-headers-6.1.0-43-untangle-amd64
2026-02-20 08:26:41 WARNING     version: 6.1.159-1+untangle1bookworm
2026-02-20 08:26:41 WARNING     architecture: amd64
2026-02-20 08:26:41 WARNING     status: broken
2026-02-20 08:26:41 WARNING     reasons:
2026-02-20 08:26:41 WARNING      -
2026-02-20 08:26:41 WARNING       missing:
2026-02-20 08:26:41 WARNING        pkg:
2026-02-20 08:26:41 WARNING         package: init-system-helpers
2026-02-20 08:26:41 WARNING         version: 1.65.2+deb12u1
2026-02-20 08:26:41 WARNING         architecture: all
2026-02-20 08:26:41 WARNING         essential: true
2026-02-20 08:26:41 WARNING         unsat-dependency: usrmerge | usr-is-merged
2026-02-20 08:26:41 WARNING    -
2026-02-20 08:26:41 WARNING     package: linux-headers-untangle-amd64
2026-02-20 08:26:41 WARNING     version: 6.1.159-1+untangle1bookworm
2026-02-20 08:26:41 WARNING     architecture: amd64
2026-02-20 08:26:41 WARNING     status: broken
2026-02-20 08:26:41 WARNING     reasons:
2026-02-20 08:26:41 WARNING      -
2026-02-20 08:26:41 WARNING       missing:
2026-02-20 08:26:41 WARNING        pkg:
2026-02-20 08:26:41 WARNING         package: init-system-helpers
2026-02-20 08:26:41 WARNING         version: 1.65.2+deb12u1
2026-02-20 08:26:41 WARNING         architecture: all
2026-02-20 08:26:41 WARNING         essential: true
2026-02-20 08:26:41 WARNING         unsat-dependency: usrmerge | usr-is-merged
2026-02-20 08:26:41 WARNING    -
2026-02-20 08:26:41 WARNING     package: linux-image-6.1.0-43-untangle-amd64
2026-02-20 08:26:41 WARNING     version: 6.1.159-1+untangle1bookworm
2026-02-20 08:26:41 WARNING     architecture: amd64
2026-02-20 08:26:41 WARNING     status: broken
2026-02-20 08:26:41 WARNING     reasons:
2026-02-20 08:26:41 WARNING      -
2026-02-20 08:26:41 WARNING       missing:
2026-02-20 08:26:41 WARNING        pkg:
2026-02-20 08:26:41 WARNING         package: init-system-helpers
2026-02-20 08:26:41 WARNING         version: 1.65.2+deb12u1
2026-02-20 08:26:41 WARNING         architecture: all
2026-02-20 08:26:41 WARNING         essential: true
2026-02-20 08:26:41 WARNING         unsat-dependency: usrmerge | usr-is-merged
2026-02-20 08:26:41 WARNING    -
2026-02-20 08:26:41 WARNING     package: linux-image-untangle-amd64
2026-02-20 08:26:41 WARNING     version: 6.1.159-1+untangle1bookworm
2026-02-20 08:26:41 WARNING     architecture: amd64
2026-02-20 08:26:41 WARNING     status: broken
2026-02-20 08:26:41 WARNING     reasons:
2026-02-20 08:26:41 WARNING      -
2026-02-20 08:26:41 WARNING       missing:
2026-02-20 08:26:41 WARNING        pkg:
2026-02-20 08:26:41 WARNING         package: init-system-helpers
2026-02-20 08:26:41 WARNING         version: 1.65.2+deb12u1
2026-02-20 08:26:41 WARNING         architecture: all
2026-02-20 08:26:41 WARNING         essential: true
2026-02-20 08:26:41 WARNING         unsat-dependency: usrmerge | usr-is-merged
2026-02-20 08:26:41 WARNING    -
2026-02-20 08:26:41 WARNING     package: locales
2026-02-20 08:26:41 WARNING     version: 2.36-9+deb12u13
2026-02-20 08:26:41 WARNING     architecture: all
2026-02-20 08:26:41 WARNING     status: broken
2026-02-20 08:26:41 WARNING     reasons:
2026-02-20 08:26:41 WARNING      -
2026-02-20 08:26:41 WARNING       missing:
2026-02-20 08:26:41 WARNING        pkg:
2026-02-20 08:26:41 WARNING         package: init-system-helpers
2026-02-20 08:26:41 WARNING         version: 1.65.2+deb12u1
2026-02-20 08:26:41 WARNING         architecture: all
2026-02-20 08:26:41 WARNING         essential: true
2026-02-20 08:26:41 WARNING         unsat-dependency: usrmerge | usr-is-merged
2026-02-20 08:26:41 WARNING    -
2026-02-20 08:26:41 WARNING     package: login
2026-02-20 08:26:41 WARNING     version: 1:4.13+dfsg1-1+deb12u1
2026-02-20 08:26:41 WARNING     architecture: amd64
2026-02-20 08:26:41 WARNING     essential: true
2026-02-20 08:26:41 WARNING     status: broken
2026-02-20 08:26:41 WARNING     reasons:
2026-02-20 08:26:41 WARNING      -
2026-02-20 08:26:41 WARNING       missing:
2026-02-20 08:26:41 WARNING        pkg:
2026-02-20 08:26:41 WARNING         package: init-system-helpers
2026-02-20 08:26:41 WARNING         version: 1.65.2+deb12u1
2026-02-20 08:26:41 WARNING         architecture: all
2026-02-20 08:26:41 WARNING         essential: true
2026-02-20 08:26:41 WARNING         unsat-dependency: usrmerge | usr-is-merged
2026-02-20 08:26:41 WARNING    -
2026-02-20 08:26:41 WARNING     package: logrotate
2026-02-20 08:26:41 WARNING     version: 3.21.0-1
2026-02-20 08:26:41 WARNING     architecture: amd64
2026-02-20 08:26:41 WARNING     status: broken
2026-02-20 08:26:41 WARNING     reasons:
2026-02-20 08:26:41 WARNING      -
2026-02-20 08:26:41 WARNING       missing:
2026-02-20 08:26:41 WARNING        pkg:
2026-02-20 08:26:41 WARNING         package: init-system-helpers
2026-02-20 08:26:41 WARNING         version: 1.65.2+deb12u1
2026-02-20 08:26:41 WARNING         architecture: all
2026-02-20 08:26:41 WARNING         essential: true
2026-02-20 08:26:41 WARNING         unsat-dependency: usrmerge | usr-is-merged
2026-02-20 08:26:41 WARNING    -
2026-02-20 08:26:41 WARNING     package: logsave
2026-02-20 08:26:41 WARNING     version: 1.47.0-2+b2
2026-02-20 08:26:41 WARNING     architecture: amd64
2026-02-20 08:26:41 WARNING     status: broken
2026-02-20 08:26:41 WARNING     reasons:
2026-02-20 08:26:41 WARNING      -
2026-02-20 08:26:41 WARNING       missing:
2026-02-20 08:26:41 WARNING        pkg:
2026-02-20 08:26:41 WARNING         package: init-system-helpers
2026-02-20 08:26:41 WARNING         version: 1.65.2+deb12u1
2026-02-20 08:26:41 WARNING         architecture: all
2026-02-20 08:26:41 WARNING         essential: true
2026-02-20 08:26:41 WARNING         unsat-dependency: usrmerge | usr-is-merged
2026-02-20 08:26:41 WARNING    -
2026-02-20 08:26:41 WARNING     package: lsb-base
2026-02-20 08:26:41 WARNING     version: 11.6
2026-02-20 08:26:41 WARNING     architecture: all
2026-02-20 08:26:41 WARNING     status: broken
2026-02-20 08:26:41 WARNING     reasons:
2026-02-20 08:26:41 WARNING      -
2026-02-20 08:26:41 WARNING       missing:
2026-02-20 08:26:41 WARNING        pkg:
2026-02-20 08:26:41 WARNING         package: init-system-helpers
2026-02-20 08:26:41 WARNING         version: 1.65.2+deb12u1
2026-02-20 08:26:41 WARNING         architecture: all
2026-02-20 08:26:41 WARNING         essential: true
2026-02-20 08:26:41 WARNING         unsat-dependency: usrmerge | usr-is-merged
2026-02-20 08:26:41 WARNING    -
2026-02-20 08:26:41 WARNING     package: lsof
2026-02-20 08:26:41 WARNING     version: 4.95.0-1
2026-02-20 08:26:41 WARNING     architecture: amd64
2026-02-20 08:26:41 WARNING     status: broken
2026-02-20 08:26:41 WARNING     reasons:
2026-02-20 08:26:41 WARNING      -
2026-02-20 08:26:41 WARNING       missing:
2026-02-20 08:26:41 WARNING        pkg:
2026-02-20 08:26:41 WARNING         package: init-system-helpers
2026-02-20 08:26:41 WARNING         version: 1.65.2+deb12u1
2026-02-20 08:26:41 WARNING         architecture: all
2026-02-20 08:26:41 WARNING         essential: true
2026-02-20 08:26:41 WARNING         unsat-dependency: usrmerge | usr-is-merged
2026-02-20 08:26:41 WARNING    -
2026-02-20 08:26:41 WARNING     package: mailcap
2026-02-20 08:26:41 WARNING     version: 3.70+nmu1
2026-02-20 08:26:41 WARNING     architecture: all
2026-02-20 08:26:41 WARNING     status: broken
2026-02-20 08:26:41 WARNING     reasons:
2026-02-20 08:26:41 WARNING      -
2026-02-20 08:26:41 WARNING       missing:
2026-02-20 08:26:41 WARNING        pkg:
2026-02-20 08:26:41 WARNING         package: init-system-helpers
2026-02-20 08:26:41 WARNING         version: 1.65.2+deb12u1
2026-02-20 08:26:41 WARNING         architecture: all
2026-02-20 08:26:41 WARNING         essential: true
2026-02-20 08:26:41 WARNING         unsat-dependency: usrmerge | usr-is-merged
2026-02-20 08:26:41 WARNING    -
2026-02-20 08:26:41 WARNING     package: man-db
2026-02-20 08:26:41 WARNING     version: 2.11.2-2
2026-02-20 08:26:41 WARNING     architecture: amd64
2026-02-20 08:26:41 WARNING     status: broken
2026-02-20 08:26:41 WARNING     reasons:
2026-02-20 08:26:41 WARNING      -
2026-02-20 08:26:41 WARNING       missing:
2026-02-20 08:26:41 WARNING        pkg:
2026-02-20 08:26:41 WARNING         package: init-system-helpers
2026-02-20 08:26:41 WARNING         version: 1.65.2+deb12u1
2026-02-20 08:26:41 WARNING         architecture: all
2026-02-20 08:26:41 WARNING         essential: true
2026-02-20 08:26:41 WARNING         unsat-dependency: usrmerge | usr-is-merged
2026-02-20 08:26:41 WARNING    -
2026-02-20 08:26:41 WARNING     package: manpages
2026-02-20 08:26:41 WARNING     version: 6.03-2
2026-02-20 08:26:41 WARNING     architecture: all
2026-02-20 08:26:41 WARNING     status: broken
2026-02-20 08:26:41 WARNING     reasons:
2026-02-20 08:26:41 WARNING      -
2026-02-20 08:26:41 WARNING       missing:
2026-02-20 08:26:41 WARNING        pkg:
2026-02-20 08:26:41 WARNING         package: init-system-helpers
2026-02-20 08:26:41 WARNING         version: 1.65.2+deb12u1
2026-02-20 08:26:41 WARNING         architecture: all
2026-02-20 08:26:41 WARNING         essential: true
2026-02-20 08:26:41 WARNING         unsat-dependency: usrmerge | usr-is-merged
2026-02-20 08:26:41 WARNING    -
2026-02-20 08:26:41 WARNING     package: mawk
2026-02-20 08:26:41 WARNING     version: 1.3.4.20200120-3.1
2026-02-20 08:26:41 WARNING     architecture: amd64
2026-02-20 08:26:41 WARNING     status: broken
2026-02-20 08:26:41 WARNING     reasons:
2026-02-20 08:26:41 WARNING      -
2026-02-20 08:26:41 WARNING       missing:
2026-02-20 08:26:41 WARNING        pkg:
2026-02-20 08:26:41 WARNING         package: init-system-helpers
2026-02-20 08:26:41 WARNING         version: 1.65.2+deb12u1
2026-02-20 08:26:41 WARNING         architecture: all
2026-02-20 08:26:41 WARNING         essential: true
2026-02-20 08:26:41 WARNING         unsat-dependency: usrmerge | usr-is-merged
2026-02-20 08:26:41 WARNING    -
2026-02-20 08:26:41 WARNING     package: media-types
2026-02-20 08:26:41 WARNING     version: 10.0.0
2026-02-20 08:26:41 WARNING     architecture: all
2026-02-20 08:26:41 WARNING     status: broken
2026-02-20 08:26:41 WARNING     reasons:
2026-02-20 08:26:41 WARNING      -
2026-02-20 08:26:41 WARNING       missing:
2026-02-20 08:26:41 WARNING        pkg:
2026-02-20 08:26:41 WARNING         package: init-system-helpers
2026-02-20 08:26:41 WARNING         version: 1.65.2+deb12u1
2026-02-20 08:26:41 WARNING         architecture: all
2026-02-20 08:26:41 WARNING         essential: true
2026-02-20 08:26:41 WARNING         unsat-dependency: usrmerge | usr-is-merged
2026-02-20 08:26:41 WARNING    -
2026-02-20 08:26:41 WARNING     package: mime-support
2026-02-20 08:26:41 WARNING     version: 3.66
2026-02-20 08:26:41 WARNING     architecture: all
2026-02-20 08:26:41 WARNING     status: broken
2026-02-20 08:26:41 WARNING     reasons:
2026-02-20 08:26:41 WARNING      -
2026-02-20 08:26:41 WARNING       missing:
2026-02-20 08:26:41 WARNING        pkg:
2026-02-20 08:26:41 WARNING         package: init-system-helpers
2026-02-20 08:26:41 WARNING         version: 1.65.2+deb12u1
2026-02-20 08:26:41 WARNING         architecture: all
2026-02-20 08:26:41 WARNING         essential: true
2026-02-20 08:26:41 WARNING         unsat-dependency: usrmerge | usr-is-merged
2026-02-20 08:26:41 WARNING    -
2026-02-20 08:26:41 WARNING     package: mount
2026-02-20 08:26:41 WARNING     version: 2.38.1-5+deb12u3
2026-02-20 08:26:41 WARNING     architecture: amd64
2026-02-20 08:26:41 WARNING     status: broken
2026-02-20 08:26:41 WARNING     reasons:
2026-02-20 08:26:41 WARNING      -
2026-02-20 08:26:41 WARNING       missing:
2026-02-20 08:26:41 WARNING        pkg:
2026-02-20 08:26:41 WARNING         package: init-system-helpers
2026-02-20 08:26:41 WARNING         version: 1.65.2+deb12u1
2026-02-20 08:26:41 WARNING         architecture: all
2026-02-20 08:26:41 WARNING         essential: true
2026-02-20 08:26:41 WARNING         unsat-dependency: usrmerge | usr-is-merged
2026-02-20 08:26:41 WARNING    -
2026-02-20 08:26:41 WARNING     package: mtools
2026-02-20 08:26:41 WARNING     version: 4.0.33-1+really4.0.32-1
2026-02-20 08:26:41 WARNING     architecture: amd64
2026-02-20 08:26:41 WARNING     status: broken
2026-02-20 08:26:41 WARNING     reasons:
2026-02-20 08:26:41 WARNING      -
2026-02-20 08:26:41 WARNING       missing:
2026-02-20 08:26:41 WARNING        pkg:
2026-02-20 08:26:41 WARNING         package: init-system-helpers
2026-02-20 08:26:41 WARNING         version: 1.65.2+deb12u1
2026-02-20 08:26:41 WARNING         architecture: all
2026-02-20 08:26:41 WARNING         essential: true
2026-02-20 08:26:41 WARNING         unsat-dependency: usrmerge | usr-is-merged
2026-02-20 08:26:41 WARNING    -
2026-02-20 08:26:41 WARNING     package: nano
2026-02-20 08:26:41 WARNING     version: 7.2-1+deb12u1
2026-02-20 08:26:41 WARNING     architecture: amd64
2026-02-20 08:26:41 WARNING     status: broken
2026-02-20 08:26:41 WARNING     reasons:
2026-02-20 08:26:41 WARNING      -
2026-02-20 08:26:41 WARNING       missing:
2026-02-20 08:26:41 WARNING        pkg:
2026-02-20 08:26:41 WARNING         package: init-system-helpers
2026-02-20 08:26:41 WARNING         version: 1.65.2+deb12u1
2026-02-20 08:26:41 WARNING         architecture: all
2026-02-20 08:26:41 WARNING         essential: true
2026-02-20 08:26:41 WARNING         unsat-dependency: usrmerge | usr-is-merged
2026-02-20 08:26:41 WARNING    -
2026-02-20 08:26:41 WARNING     package: ncal
2026-02-20 08:26:41 WARNING     version: 12.1.8
2026-02-20 08:26:41 WARNING     architecture: amd64
2026-02-20 08:26:41 WARNING     status: broken
2026-02-20 08:26:41 WARNING     reasons:
2026-02-20 08:26:41 WARNING      -
2026-02-20 08:26:41 WARNING       missing:
2026-02-20 08:26:41 WARNING        pkg:
2026-02-20 08:26:41 WARNING         package: init-system-helpers
2026-02-20 08:26:41 WARNING         version: 1.65.2+deb12u1
2026-02-20 08:26:41 WARNING         architecture: all
2026-02-20 08:26:41 WARNING         essential: true
2026-02-20 08:26:41 WARNING         unsat-dependency: usrmerge | usr-is-merged
2026-02-20 08:26:41 WARNING    -
2026-02-20 08:26:41 WARNING     package: ncurses-base
2026-02-20 08:26:41 WARNING     version: 6.4-4
2026-02-20 08:26:41 WARNING     architecture: all
2026-02-20 08:26:41 WARNING     essential: true
2026-02-20 08:26:41 WARNING     status: broken
2026-02-20 08:26:41 WARNING     reasons:
2026-02-20 08:26:41 WARNING      -
2026-02-20 08:26:41 WARNING       missing:
2026-02-20 08:26:41 WARNING        pkg:
2026-02-20 08:26:41 WARNING         package: init-system-helpers
2026-02-20 08:26:41 WARNING         version: 1.65.2+deb12u1
2026-02-20 08:26:41 WARNING         architecture: all
2026-02-20 08:26:41 WARNING         essential: true
2026-02-20 08:26:41 WARNING         unsat-dependency: usrmerge | usr-is-merged
2026-02-20 08:26:41 WARNING    -
2026-02-20 08:26:41 WARNING     package: ncurses-bin
2026-02-20 08:26:41 WARNING     version: 6.4-4
2026-02-20 08:26:41 WARNING     architecture: amd64
2026-02-20 08:26:41 WARNING     essential: true
2026-02-20 08:26:41 WARNING     status: broken
2026-02-20 08:26:41 WARNING     reasons:
2026-02-20 08:26:41 WARNING      -
2026-02-20 08:26:41 WARNING       missing:
2026-02-20 08:26:41 WARNING        pkg:
2026-02-20 08:26:41 WARNING         package: init-system-helpers
2026-02-20 08:26:41 WARNING         version: 1.65.2+deb12u1
2026-02-20 08:26:41 WARNING         architecture: all
2026-02-20 08:26:41 WARNING         essential: true
2026-02-20 08:26:41 WARNING         unsat-dependency: usrmerge | usr-is-merged
2026-02-20 08:26:41 WARNING    -
2026-02-20 08:26:41 WARNING     package: ncurses-term
2026-02-20 08:26:41 WARNING     version: 6.4-4
2026-02-20 08:26:41 WARNING     architecture: all
2026-02-20 08:26:41 WARNING     status: broken
2026-02-20 08:26:41 WARNING     reasons:
2026-02-20 08:26:41 WARNING      -
2026-02-20 08:26:41 WARNING       missing:
2026-02-20 08:26:41 WARNING        pkg:
2026-02-20 08:26:41 WARNING         package: init-system-helpers
2026-02-20 08:26:41 WARNING         version: 1.65.2+deb12u1
2026-02-20 08:26:41 WARNING         architecture: all
2026-02-20 08:26:41 WARNING         essential: true
2026-02-20 08:26:41 WARNING         unsat-dependency: usrmerge | usr-is-merged
2026-02-20 08:26:41 WARNING    -
2026-02-20 08:26:41 WARNING     package: netbase
2026-02-20 08:26:41 WARNING     version: 6.4
2026-02-20 08:26:41 WARNING     architecture: all
2026-02-20 08:26:41 WARNING     status: broken
2026-02-20 08:26:41 WARNING     reasons:
2026-02-20 08:26:41 WARNING      -
2026-02-20 08:26:41 WARNING       missing:
2026-02-20 08:26:41 WARNING        pkg:
2026-02-20 08:26:41 WARNING         package: init-system-helpers
2026-02-20 08:26:41 WARNING         version: 1.65.2+deb12u1
2026-02-20 08:26:41 WARNING         architecture: all
2026-02-20 08:26:41 WARNING         essential: true
2026-02-20 08:26:41 WARNING         unsat-dependency: usrmerge | usr-is-merged
2026-02-20 08:26:41 WARNING    -
2026-02-20 08:26:41 WARNING     package: netcat-traditional
2026-02-20 08:26:41 WARNING     version: 1.10-47
2026-02-20 08:26:41 WARNING     architecture: amd64
2026-02-20 08:26:41 WARNING     status: broken
2026-02-20 08:26:41 WARNING     reasons:
2026-02-20 08:26:41 WARNING      -
2026-02-20 08:26:41 WARNING       missing:
2026-02-20 08:26:41 WARNING        pkg:
2026-02-20 08:26:41 WARNING         package: init-system-helpers
2026-02-20 08:26:41 WARNING         version: 1.65.2+deb12u1
2026-02-20 08:26:41 WARNING         architecture: all
2026-02-20 08:26:41 WARNING         essential: true
2026-02-20 08:26:41 WARNING         unsat-dependency: usrmerge | usr-is-merged
2026-02-20 08:26:41 WARNING    -
2026-02-20 08:26:41 WARNING     package: openssh-client
2026-02-20 08:26:41 WARNING     version: 1:9.2p1-2+deb12u7
2026-02-20 08:26:41 WARNING     architecture: amd64
2026-02-20 08:26:41 WARNING     status: broken
2026-02-20 08:26:41 WARNING     reasons:
2026-02-20 08:26:41 WARNING      -
2026-02-20 08:26:41 WARNING       missing:
2026-02-20 08:26:41 WARNING        pkg:
2026-02-20 08:26:41 WARNING         package: init-system-helpers
2026-02-20 08:26:41 WARNING         version: 1.65.2+deb12u1
2026-02-20 08:26:41 WARNING         architecture: all
2026-02-20 08:26:41 WARNING         essential: true
2026-02-20 08:26:41 WARNING         unsat-dependency: usrmerge | usr-is-merged
2026-02-20 08:26:41 WARNING    -
2026-02-20 08:26:41 WARNING     package: openssl
2026-02-20 08:26:41 WARNING     version: 3.0.17-1~deb12u2
2026-02-20 08:26:41 WARNING     architecture: amd64
2026-02-20 08:26:41 WARNING     status: broken
2026-02-20 08:26:41 WARNING     reasons:
2026-02-20 08:26:41 WARNING      -
2026-02-20 08:26:41 WARNING       missing:
2026-02-20 08:26:41 WARNING        pkg:
2026-02-20 08:26:41 WARNING         package: init-system-helpers
2026-02-20 08:26:41 WARNING         version: 1.65.2+deb12u1
2026-02-20 08:26:41 WARNING         architecture: all
2026-02-20 08:26:41 WARNING         essential: true
2026-02-20 08:26:41 WARNING         unsat-dependency: usrmerge | usr-is-merged
2026-02-20 08:26:41 WARNING    -
2026-02-20 08:26:41 WARNING     package: passwd
2026-02-20 08:26:41 WARNING     version: 1:4.13+dfsg1-1+deb12u1
2026-02-20 08:26:41 WARNING     architecture: amd64
2026-02-20 08:26:41 WARNING     status: broken
2026-02-20 08:26:41 WARNING     reasons:
2026-02-20 08:26:41 WARNING      -
2026-02-20 08:26:41 WARNING       missing:
2026-02-20 08:26:41 WARNING        pkg:
2026-02-20 08:26:41 WARNING         package: init-system-helpers
2026-02-20 08:26:41 WARNING         version: 1.65.2+deb12u1
2026-02-20 08:26:41 WARNING         architecture: all
2026-02-20 08:26:41 WARNING         essential: true
2026-02-20 08:26:41 WARNING         unsat-dependency: usrmerge | usr-is-merged
2026-02-20 08:26:41 WARNING    -
2026-02-20 08:26:41 WARNING     package: pci.ids
2026-02-20 08:26:41 WARNING     version: 0.0~2023.04.11-1
2026-02-20 08:26:41 WARNING     architecture: all
2026-02-20 08:26:41 WARNING     status: broken
2026-02-20 08:26:41 WARNING     reasons:
2026-02-20 08:26:41 WARNING      -
2026-02-20 08:26:41 WARNING       missing:
2026-02-20 08:26:41 WARNING        pkg:
2026-02-20 08:26:41 WARNING         package: init-system-helpers
2026-02-20 08:26:41 WARNING         version: 1.65.2+deb12u1
2026-02-20 08:26:41 WARNING         architecture: all
2026-02-20 08:26:41 WARNING         essential: true
2026-02-20 08:26:41 WARNING         unsat-dependency: usrmerge | usr-is-merged
2026-02-20 08:26:41 WARNING    -
2026-02-20 08:26:41 WARNING     package: pciutils
2026-02-20 08:26:41 WARNING     version: 1:3.9.0-4
2026-02-20 08:26:41 WARNING     architecture: amd64
2026-02-20 08:26:41 WARNING     status: broken
2026-02-20 08:26:41 WARNING     reasons:
2026-02-20 08:26:41 WARNING      -
2026-02-20 08:26:41 WARNING       missing:
2026-02-20 08:26:41 WARNING        pkg:
2026-02-20 08:26:41 WARNING         package: init-system-helpers
2026-02-20 08:26:41 WARNING         version: 1.65.2+deb12u1
2026-02-20 08:26:41 WARNING         architecture: all
2026-02-20 08:26:41 WARNING         essential: true
2026-02-20 08:26:41 WARNING         unsat-dependency: usrmerge | usr-is-merged
2026-02-20 08:26:41 WARNING    -
2026-02-20 08:26:41 WARNING     package: perl
2026-02-20 08:26:41 WARNING     version: 5.36.0-7+deb12u3
2026-02-20 08:26:41 WARNING     architecture: amd64
2026-02-20 08:26:41 WARNING     status: broken
2026-02-20 08:26:41 WARNING     reasons:
2026-02-20 08:26:41 WARNING      -
2026-02-20 08:26:41 WARNING       missing:
2026-02-20 08:26:41 WARNING        pkg:
2026-02-20 08:26:41 WARNING         package: init-system-helpers
2026-02-20 08:26:41 WARNING         version: 1.65.2+deb12u1
2026-02-20 08:26:41 WARNING         architecture: all
2026-02-20 08:26:41 WARNING         essential: true
2026-02-20 08:26:41 WARNING         unsat-dependency: usrmerge | usr-is-merged
2026-02-20 08:26:41 WARNING    -
2026-02-20 08:26:41 WARNING     package: perl-base
2026-02-20 08:26:41 WARNING     version: 5.36.0-7+deb12u3
2026-02-20 08:26:41 WARNING     architecture: amd64
2026-02-20 08:26:41 WARNING     essential: true
2026-02-20 08:26:41 WARNING     status: broken
2026-02-20 08:26:41 WARNING     reasons:
2026-02-20 08:26:41 WARNING      -
2026-02-20 08:26:41 WARNING       missing:
2026-02-20 08:26:41 WARNING        pkg:
2026-02-20 08:26:41 WARNING         package: init-system-helpers
2026-02-20 08:26:41 WARNING         version: 1.65.2+deb12u1
2026-02-20 08:26:41 WARNING         architecture: all
2026-02-20 08:26:41 WARNING         essential: true
2026-02-20 08:26:41 WARNING         unsat-dependency: usrmerge | usr-is-merged
2026-02-20 08:26:41 WARNING    -
2026-02-20 08:26:41 WARNING     package: perl-openssl-defaults
2026-02-20 08:26:41 WARNING     version: 7+b1
2026-02-20 08:26:41 WARNING     architecture: amd64
2026-02-20 08:26:41 WARNING     status: broken
2026-02-20 08:26:41 WARNING     reasons:
2026-02-20 08:26:41 WARNING      -
2026-02-20 08:26:41 WARNING       missing:
2026-02-20 08:26:41 WARNING        pkg:
2026-02-20 08:26:41 WARNING         package: init-system-helpers
2026-02-20 08:26:41 WARNING         version: 1.65.2+deb12u1
2026-02-20 08:26:41 WARNING         architecture: all
2026-02-20 08:26:41 WARNING         essential: true
2026-02-20 08:26:41 WARNING         unsat-dependency: usrmerge | usr-is-merged
2026-02-20 08:26:41 WARNING    -
2026-02-20 08:26:41 WARNING     package: procps
2026-02-20 08:26:41 WARNING     version: 2:4.0.2-3
2026-02-20 08:26:41 WARNING     architecture: amd64
2026-02-20 08:26:41 WARNING     status: broken
2026-02-20 08:26:41 WARNING     reasons:
2026-02-20 08:26:41 WARNING      -
2026-02-20 08:26:41 WARNING       missing:
2026-02-20 08:26:41 WARNING        pkg:
2026-02-20 08:26:41 WARNING         package: init-system-helpers
2026-02-20 08:26:41 WARNING         version: 1.65.2+deb12u1
2026-02-20 08:26:41 WARNING         architecture: all
2026-02-20 08:26:41 WARNING         essential: true
2026-02-20 08:26:41 WARNING         unsat-dependency: usrmerge | usr-is-merged
2026-02-20 08:26:41 WARNING    -
2026-02-20 08:26:41 WARNING     package: python3
2026-02-20 08:26:41 WARNING     version: 3.11.2-1+b1
2026-02-20 08:26:41 WARNING     architecture: amd64
2026-02-20 08:26:41 WARNING     status: broken
2026-02-20 08:26:41 WARNING     reasons:
2026-02-20 08:26:41 WARNING      -
2026-02-20 08:26:41 WARNING       missing:
2026-02-20 08:26:41 WARNING        pkg:
2026-02-20 08:26:41 WARNING         package: init-system-helpers
2026-02-20 08:26:41 WARNING         version: 1.65.2+deb12u1
2026-02-20 08:26:41 WARNING         architecture: all
2026-02-20 08:26:41 WARNING         essential: true
2026-02-20 08:26:41 WARNING         unsat-dependency: usrmerge | usr-is-merged
2026-02-20 08:26:41 WARNING    -
2026-02-20 08:26:41 WARNING     package: python3-minimal
2026-02-20 08:26:41 WARNING     version: 3.11.2-1+b1
2026-02-20 08:26:41 WARNING     architecture: amd64
2026-02-20 08:26:41 WARNING     status: broken
2026-02-20 08:26:41 WARNING     reasons:
2026-02-20 08:26:41 WARNING      -
2026-02-20 08:26:41 WARNING       missing:
2026-02-20 08:26:41 WARNING        pkg:
2026-02-20 08:26:41 WARNING         package: init-system-helpers
2026-02-20 08:26:41 WARNING         version: 1.65.2+deb12u1
2026-02-20 08:26:41 WARNING         architecture: all
2026-02-20 08:26:41 WARNING         essential: true
2026-02-20 08:26:41 WARNING         unsat-dependency: usrmerge | usr-is-merged
2026-02-20 08:26:41 WARNING    -
2026-02-20 08:26:41 WARNING     package: readline-common
2026-02-20 08:26:41 WARNING     version: 8.2-1.3
2026-02-20 08:26:41 WARNING     architecture: all
2026-02-20 08:26:41 WARNING     status: broken
2026-02-20 08:26:41 WARNING     reasons:
2026-02-20 08:26:41 WARNING      -
2026-02-20 08:26:41 WARNING       missing:
2026-02-20 08:26:41 WARNING        pkg:
2026-02-20 08:26:41 WARNING         package: init-system-helpers
2026-02-20 08:26:41 WARNING         version: 1.65.2+deb12u1
2026-02-20 08:26:41 WARNING         architecture: all
2026-02-20 08:26:41 WARNING         essential: true
2026-02-20 08:26:41 WARNING         unsat-dependency: usrmerge | usr-is-merged
2026-02-20 08:26:41 WARNING    -
2026-02-20 08:26:41 WARNING     package: sed
2026-02-20 08:26:41 WARNING     version: 4.9-1
2026-02-20 08:26:41 WARNING     architecture: amd64
2026-02-20 08:26:41 WARNING     essential: true
2026-02-20 08:26:41 WARNING     status: broken
2026-02-20 08:26:41 WARNING     reasons:
2026-02-20 08:26:41 WARNING      -
2026-02-20 08:26:41 WARNING       missing:
2026-02-20 08:26:41 WARNING        pkg:
2026-02-20 08:26:41 WARNING         package: init-system-helpers
2026-02-20 08:26:41 WARNING         version: 1.65.2+deb12u1
2026-02-20 08:26:41 WARNING         architecture: all
2026-02-20 08:26:41 WARNING         essential: true
2026-02-20 08:26:41 WARNING         unsat-dependency: usrmerge | usr-is-merged
2026-02-20 08:26:41 WARNING    -
2026-02-20 08:26:41 WARNING     package: sensible-utils
2026-02-20 08:26:41 WARNING     version: 0.0.17+nmu1
2026-02-20 08:26:41 WARNING     architecture: all
2026-02-20 08:26:41 WARNING     status: broken
2026-02-20 08:26:41 WARNING     reasons:
2026-02-20 08:26:41 WARNING      -
2026-02-20 08:26:41 WARNING       missing:
2026-02-20 08:26:41 WARNING        pkg:
2026-02-20 08:26:41 WARNING         package: init-system-helpers
2026-02-20 08:26:41 WARNING         version: 1.65.2+deb12u1
2026-02-20 08:26:41 WARNING         architecture: all
2026-02-20 08:26:41 WARNING         essential: true
2026-02-20 08:26:41 WARNING         unsat-dependency: usrmerge | usr-is-merged
2026-02-20 08:26:41 WARNING    -
2026-02-20 08:26:41 WARNING     package: startpar
2026-02-20 08:26:41 WARNING     version: 0.65-1+b1
2026-02-20 08:26:41 WARNING     architecture: amd64
2026-02-20 08:26:41 WARNING     status: broken
2026-02-20 08:26:41 WARNING     reasons:
2026-02-20 08:26:41 WARNING      -
2026-02-20 08:26:41 WARNING       missing:
2026-02-20 08:26:41 WARNING        pkg:
2026-02-20 08:26:41 WARNING         package: init-system-helpers
2026-02-20 08:26:41 WARNING         version: 1.65.2+deb12u1
2026-02-20 08:26:41 WARNING         architecture: all
2026-02-20 08:26:41 WARNING         essential: true
2026-02-20 08:26:41 WARNING         unsat-dependency: usrmerge | usr-is-merged
2026-02-20 08:26:41 WARNING    -
2026-02-20 08:26:41 WARNING     package: syslinux
2026-02-20 08:26:41 WARNING     version: 3:6.04~git20190206.bf6db5b4+dfsg1-3+b1
2026-02-20 08:26:41 WARNING     architecture: amd64
2026-02-20 08:26:41 WARNING     status: broken
2026-02-20 08:26:41 WARNING     reasons:
2026-02-20 08:26:41 WARNING      -
2026-02-20 08:26:41 WARNING       missing:
2026-02-20 08:26:41 WARNING        pkg:
2026-02-20 08:26:41 WARNING         package: init-system-helpers
2026-02-20 08:26:41 WARNING         version: 1.65.2+deb12u1
2026-02-20 08:26:41 WARNING         architecture: all
2026-02-20 08:26:41 WARNING         essential: true
2026-02-20 08:26:41 WARNING         unsat-dependency: usrmerge | usr-is-merged
2026-02-20 08:26:41 WARNING    -
2026-02-20 08:26:41 WARNING     package: syslinux-common
2026-02-20 08:26:41 WARNING     version: 3:6.04~git20190206.bf6db5b4+dfsg1-3
2026-02-20 08:26:41 WARNING     architecture: all
2026-02-20 08:26:41 WARNING     status: broken
2026-02-20 08:26:41 WARNING     reasons:
2026-02-20 08:26:41 WARNING      -
2026-02-20 08:26:41 WARNING       missing:
2026-02-20 08:26:41 WARNING        pkg:
2026-02-20 08:26:41 WARNING         package: init-system-helpers
2026-02-20 08:26:41 WARNING         version: 1.65.2+deb12u1
2026-02-20 08:26:41 WARNING         architecture: all
2026-02-20 08:26:41 WARNING         essential: true
2026-02-20 08:26:41 WARNING         unsat-dependency: usrmerge | usr-is-merged
2026-02-20 08:26:41 WARNING    -
2026-02-20 08:26:41 WARNING     package: systemd
2026-02-20 08:26:41 WARNING     version: 252.39-1~deb12u1
2026-02-20 08:26:41 WARNING     architecture: amd64
2026-02-20 08:26:41 WARNING     status: broken
2026-02-20 08:26:41 WARNING     reasons:
2026-02-20 08:26:41 WARNING      -
2026-02-20 08:26:41 WARNING       missing:
2026-02-20 08:26:41 WARNING        pkg:
2026-02-20 08:26:41 WARNING         package: init-system-helpers
2026-02-20 08:26:41 WARNING         version: 1.65.2+deb12u1
2026-02-20 08:26:41 WARNING         architecture: all
2026-02-20 08:26:41 WARNING         essential: true
2026-02-20 08:26:41 WARNING         unsat-dependency: usrmerge | usr-is-merged
2026-02-20 08:26:41 WARNING    -
2026-02-20 08:26:41 WARNING     package: systemd-cron
2026-02-20 08:26:41 WARNING     version: 1.15.19-5
2026-02-20 08:26:41 WARNING     architecture: amd64
2026-02-20 08:26:41 WARNING     status: broken
2026-02-20 08:26:41 WARNING     reasons:
2026-02-20 08:26:41 WARNING      -
2026-02-20 08:26:41 WARNING       missing:
2026-02-20 08:26:41 WARNING        pkg:
2026-02-20 08:26:41 WARNING         package: init-system-helpers
2026-02-20 08:26:41 WARNING         version: 1.65.2+deb12u1
2026-02-20 08:26:41 WARNING         architecture: all
2026-02-20 08:26:41 WARNING         essential: true
2026-02-20 08:26:41 WARNING         unsat-dependency: usrmerge | usr-is-merged
2026-02-20 08:26:41 WARNING    -
2026-02-20 08:26:41 WARNING     package: systemd-standalone-sysusers
2026-02-20 08:26:41 WARNING     version: 252.39-1~deb12u1
2026-02-20 08:26:41 WARNING     architecture: amd64
2026-02-20 08:26:41 WARNING     status: broken
2026-02-20 08:26:41 WARNING     reasons:
2026-02-20 08:26:41 WARNING      -
2026-02-20 08:26:41 WARNING       missing:
2026-02-20 08:26:41 WARNING        pkg:
2026-02-20 08:26:41 WARNING         package: init-system-helpers
2026-02-20 08:26:41 WARNING         version: 1.65.2+deb12u1
2026-02-20 08:26:41 WARNING         architecture: all
2026-02-20 08:26:41 WARNING         essential: true
2026-02-20 08:26:41 WARNING         unsat-dependency: usrmerge | usr-is-merged
2026-02-20 08:26:41 WARNING    -
2026-02-20 08:26:41 WARNING     package: systemd-sysv
2026-02-20 08:26:41 WARNING     version: 252.39-1~deb12u1
2026-02-20 08:26:41 WARNING     architecture: amd64
2026-02-20 08:26:41 WARNING     status: broken
2026-02-20 08:26:41 WARNING     reasons:
2026-02-20 08:26:41 WARNING      -
2026-02-20 08:26:41 WARNING       missing:
2026-02-20 08:26:41 WARNING        pkg:
2026-02-20 08:26:41 WARNING         package: init-system-helpers
2026-02-20 08:26:41 WARNING         version: 1.65.2+deb12u1
2026-02-20 08:26:41 WARNING         architecture: all
2026-02-20 08:26:41 WARNING         essential: true
2026-02-20 08:26:41 WARNING         unsat-dependency: usrmerge | usr-is-merged
2026-02-20 08:26:41 WARNING    -
2026-02-20 08:26:41 WARNING     package: systemd-timesyncd
2026-02-20 08:26:41 WARNING     version: 252.39-1~deb12u1
2026-02-20 08:26:41 WARNING     architecture: amd64
2026-02-20 08:26:41 WARNING     status: broken
2026-02-20 08:26:41 WARNING     reasons:
2026-02-20 08:26:41 WARNING      -
2026-02-20 08:26:41 WARNING       missing:
2026-02-20 08:26:41 WARNING        pkg:
2026-02-20 08:26:41 WARNING         package: init-system-helpers
2026-02-20 08:26:41 WARNING         version: 1.65.2+deb12u1
2026-02-20 08:26:41 WARNING         architecture: all
2026-02-20 08:26:41 WARNING         essential: true
2026-02-20 08:26:41 WARNING         unsat-dependency: usrmerge | usr-is-merged
2026-02-20 08:26:41 WARNING    -
2026-02-20 08:26:41 WARNING     package: sysv-rc
2026-02-20 08:26:41 WARNING     version: 3.06-4
2026-02-20 08:26:41 WARNING     architecture: all
2026-02-20 08:26:41 WARNING     status: broken
2026-02-20 08:26:41 WARNING     reasons:
2026-02-20 08:26:41 WARNING      -
2026-02-20 08:26:41 WARNING       missing:
2026-02-20 08:26:41 WARNING        pkg:
2026-02-20 08:26:41 WARNING         package: init-system-helpers
2026-02-20 08:26:41 WARNING         version: 1.65.2+deb12u1
2026-02-20 08:26:41 WARNING         architecture: all
2026-02-20 08:26:41 WARNING         essential: true
2026-02-20 08:26:41 WARNING         unsat-dependency: usrmerge | usr-is-merged
2026-02-20 08:26:41 WARNING    -
2026-02-20 08:26:41 WARNING     package: sysvinit-utils
2026-02-20 08:26:41 WARNING     version: 3.06-4
2026-02-20 08:26:41 WARNING     architecture: amd64
2026-02-20 08:26:41 WARNING     essential: true
2026-02-20 08:26:41 WARNING     status: broken
2026-02-20 08:26:41 WARNING     reasons:
2026-02-20 08:26:41 WARNING      -
2026-02-20 08:26:41 WARNING       missing:
2026-02-20 08:26:41 WARNING        pkg:
2026-02-20 08:26:41 WARNING         package: init-system-helpers
2026-02-20 08:26:41 WARNING         version: 1.65.2+deb12u1
2026-02-20 08:26:41 WARNING         architecture: all
2026-02-20 08:26:41 WARNING         essential: true
2026-02-20 08:26:41 WARNING         unsat-dependency: usrmerge | usr-is-merged
2026-02-20 08:26:41 WARNING    -
2026-02-20 08:26:41 WARNING     package: tar
2026-02-20 08:26:41 WARNING     version: 1.34+dfsg-1.2+deb12u1
2026-02-20 08:26:41 WARNING     architecture: amd64
2026-02-20 08:26:41 WARNING     essential: true
2026-02-20 08:26:41 WARNING     status: broken
2026-02-20 08:26:41 WARNING     reasons:
2026-02-20 08:26:41 WARNING      -
2026-02-20 08:26:41 WARNING       missing:
2026-02-20 08:26:41 WARNING        pkg:
2026-02-20 08:26:41 WARNING         package: init-system-helpers
2026-02-20 08:26:41 WARNING         version: 1.65.2+deb12u1
2026-02-20 08:26:41 WARNING         architecture: all
2026-02-20 08:26:41 WARNING         essential: true
2026-02-20 08:26:41 WARNING         unsat-dependency: usrmerge | usr-is-merged
2026-02-20 08:26:41 WARNING    -
2026-02-20 08:26:41 WARNING     package: tasksel
2026-02-20 08:26:41 WARNING     version: 3.73
2026-02-20 08:26:41 WARNING     architecture: all
2026-02-20 08:26:41 WARNING     status: broken
2026-02-20 08:26:41 WARNING     reasons:
2026-02-20 08:26:41 WARNING      -
2026-02-20 08:26:41 WARNING       missing:
2026-02-20 08:26:41 WARNING        pkg:
2026-02-20 08:26:41 WARNING         package: init-system-helpers
2026-02-20 08:26:41 WARNING         version: 1.65.2+deb12u1
2026-02-20 08:26:41 WARNING         architecture: all
2026-02-20 08:26:41 WARNING         essential: true
2026-02-20 08:26:41 WARNING         unsat-dependency: usrmerge | usr-is-merged
2026-02-20 08:26:41 WARNING    -
2026-02-20 08:26:41 WARNING     package: tasksel-data
2026-02-20 08:26:41 WARNING     version: 3.73
2026-02-20 08:26:41 WARNING     architecture: all
2026-02-20 08:26:41 WARNING     status: broken
2026-02-20 08:26:41 WARNING     reasons:
2026-02-20 08:26:41 WARNING      -
2026-02-20 08:26:41 WARNING       missing:
2026-02-20 08:26:41 WARNING        pkg:
2026-02-20 08:26:41 WARNING         package: init-system-helpers
2026-02-20 08:26:41 WARNING         version: 1.65.2+deb12u1
2026-02-20 08:26:41 WARNING         architecture: all
2026-02-20 08:26:41 WARNING         essential: true
2026-02-20 08:26:41 WARNING         unsat-dependency: usrmerge | usr-is-merged
2026-02-20 08:26:41 WARNING    -
2026-02-20 08:26:41 WARNING     package: traceroute
2026-02-20 08:26:41 WARNING     version: 1:2.1.2-1
2026-02-20 08:26:41 WARNING     architecture: amd64
2026-02-20 08:26:41 WARNING     status: broken
2026-02-20 08:26:41 WARNING     reasons:
2026-02-20 08:26:41 WARNING      -
2026-02-20 08:26:41 WARNING       missing:
2026-02-20 08:26:41 WARNING        pkg:
2026-02-20 08:26:41 WARNING         package: init-system-helpers
2026-02-20 08:26:41 WARNING         version: 1.65.2+deb12u1
2026-02-20 08:26:41 WARNING         architecture: all
2026-02-20 08:26:41 WARNING         essential: true
2026-02-20 08:26:41 WARNING         unsat-dependency: usrmerge | usr-is-merged
2026-02-20 08:26:41 WARNING    -
2026-02-20 08:26:41 WARNING     package: tzdata
2026-02-20 08:26:41 WARNING     version: 2025b-0+deb12u2
2026-02-20 08:26:41 WARNING     architecture: all
2026-02-20 08:26:41 WARNING     status: broken
2026-02-20 08:26:41 WARNING     reasons:
2026-02-20 08:26:41 WARNING      -
2026-02-20 08:26:41 WARNING       missing:
2026-02-20 08:26:41 WARNING        pkg:
2026-02-20 08:26:41 WARNING         package: init-system-helpers
2026-02-20 08:26:41 WARNING         version: 1.65.2+deb12u1
2026-02-20 08:26:41 WARNING         architecture: all
2026-02-20 08:26:41 WARNING         essential: true
2026-02-20 08:26:41 WARNING         unsat-dependency: usrmerge | usr-is-merged
2026-02-20 08:26:41 WARNING    -
2026-02-20 08:26:41 WARNING     package: ucf
2026-02-20 08:26:41 WARNING     version: 3.0043+nmu1+deb12u1
2026-02-20 08:26:41 WARNING     architecture: all
2026-02-20 08:26:41 WARNING     status: broken
2026-02-20 08:26:41 WARNING     reasons:
2026-02-20 08:26:41 WARNING      -
2026-02-20 08:26:41 WARNING       missing:
2026-02-20 08:26:41 WARNING        pkg:
2026-02-20 08:26:41 WARNING         package: init-system-helpers
2026-02-20 08:26:41 WARNING         version: 1.65.2+deb12u1
2026-02-20 08:26:41 WARNING         architecture: all
2026-02-20 08:26:41 WARNING         essential: true
2026-02-20 08:26:41 WARNING         unsat-dependency: usrmerge | usr-is-merged
2026-02-20 08:26:41 WARNING    -
2026-02-20 08:26:41 WARNING     package: udev
2026-02-20 08:26:41 WARNING     version: 252.39-1~deb12u1
2026-02-20 08:26:41 WARNING     architecture: amd64
2026-02-20 08:26:41 WARNING     status: broken
2026-02-20 08:26:41 WARNING     reasons:
2026-02-20 08:26:41 WARNING      -
2026-02-20 08:26:41 WARNING       missing:
2026-02-20 08:26:41 WARNING        pkg:
2026-02-20 08:26:41 WARNING         package: init-system-helpers
2026-02-20 08:26:41 WARNING         version: 1.65.2+deb12u1
2026-02-20 08:26:41 WARNING         architecture: all
2026-02-20 08:26:41 WARNING         essential: true
2026-02-20 08:26:41 WARNING         unsat-dependency: usrmerge | usr-is-merged
2026-02-20 08:26:41 WARNING    -
2026-02-20 08:26:41 WARNING     package: util-linux
2026-02-20 08:26:41 WARNING     version: 2.38.1-5+deb12u3
2026-02-20 08:26:41 WARNING     architecture: amd64
2026-02-20 08:26:41 WARNING     essential: true
2026-02-20 08:26:41 WARNING     status: broken
2026-02-20 08:26:41 WARNING     reasons:
2026-02-20 08:26:41 WARNING      -
2026-02-20 08:26:41 WARNING       missing:
2026-02-20 08:26:41 WARNING        pkg:
2026-02-20 08:26:41 WARNING         package: init-system-helpers
2026-02-20 08:26:41 WARNING         version: 1.65.2+deb12u1
2026-02-20 08:26:41 WARNING         architecture: all
2026-02-20 08:26:41 WARNING         essential: true
2026-02-20 08:26:41 WARNING         unsat-dependency: usrmerge | usr-is-merged
2026-02-20 08:26:41 WARNING    -
2026-02-20 08:26:41 WARNING     package: wget
2026-02-20 08:26:41 WARNING     version: 1.21.3-1+deb12u1
2026-02-20 08:26:41 WARNING     architecture: amd64
2026-02-20 08:26:41 WARNING     status: broken
2026-02-20 08:26:41 WARNING     reasons:
2026-02-20 08:26:41 WARNING      -
2026-02-20 08:26:41 WARNING       missing:
2026-02-20 08:26:41 WARNING        pkg:
2026-02-20 08:26:41 WARNING         package: init-system-helpers
2026-02-20 08:26:41 WARNING         version: 1.65.2+deb12u1
2026-02-20 08:26:41 WARNING         architecture: all
2026-02-20 08:26:41 WARNING         essential: true
2026-02-20 08:26:41 WARNING         unsat-dependency: usrmerge | usr-is-merged
2026-02-20 08:26:41 WARNING    -
2026-02-20 08:26:41 WARNING     package: whiptail
2026-02-20 08:26:41 WARNING     version: 0.52.23-1+b1
2026-02-20 08:26:41 WARNING     architecture: amd64
2026-02-20 08:26:41 WARNING     status: broken
2026-02-20 08:26:41 WARNING     reasons:
2026-02-20 08:26:41 WARNING      -
2026-02-20 08:26:41 WARNING       missing:
2026-02-20 08:26:41 WARNING        pkg:
2026-02-20 08:26:41 WARNING         package: init-system-helpers
2026-02-20 08:26:41 WARNING         version: 1.65.2+deb12u1
2026-02-20 08:26:41 WARNING         architecture: all
2026-02-20 08:26:41 WARNING         essential: true
2026-02-20 08:26:41 WARNING         unsat-dependency: usrmerge | usr-is-merged
2026-02-20 08:26:41 WARNING    -
2026-02-20 08:26:41 WARNING     package: xkb-data
2026-02-20 08:26:41 WARNING     version: 2.35.1-1
2026-02-20 08:26:41 WARNING     architecture: all
2026-02-20 08:26:41 WARNING     status: broken
2026-02-20 08:26:41 WARNING     reasons:
2026-02-20 08:26:41 WARNING      -
2026-02-20 08:26:41 WARNING       missing:
2026-02-20 08:26:41 WARNING        pkg:
2026-02-20 08:26:41 WARNING         package: init-system-helpers
2026-02-20 08:26:41 WARNING         version: 1.65.2+deb12u1
2026-02-20 08:26:41 WARNING         architecture: all
2026-02-20 08:26:41 WARNING         essential: true
2026-02-20 08:26:41 WARNING         unsat-dependency: usrmerge | usr-is-merged
2026-02-20 08:26:41 WARNING    -
2026-02-20 08:26:41 WARNING     package: xz-utils
2026-02-20 08:26:41 WARNING     version: 5.4.1-1
2026-02-20 08:26:41 WARNING     architecture: amd64
2026-02-20 08:26:41 WARNING     status: broken
2026-02-20 08:26:41 WARNING     reasons:
2026-02-20 08:26:41 WARNING      -
2026-02-20 08:26:41 WARNING       missing:
2026-02-20 08:26:41 WARNING        pkg:
2026-02-20 08:26:41 WARNING         package: init-system-helpers
2026-02-20 08:26:41 WARNING         version: 1.65.2+deb12u1
2026-02-20 08:26:41 WARNING         architecture: all
2026-02-20 08:26:41 WARNING         essential: true
2026-02-20 08:26:41 WARNING         unsat-dependency: usrmerge | usr-is-merged
2026-02-20 08:26:41 WARNING    -
2026-02-20 08:26:41 WARNING     package: zlib1g
2026-02-20 08:26:41 WARNING     version: 1:1.2.13.dfsg-1
2026-02-20 08:26:41 WARNING     architecture: amd64
2026-02-20 08:26:41 WARNING     status: broken
2026-02-20 08:26:41 WARNING     reasons:
2026-02-20 08:26:41 WARNING      -
2026-02-20 08:26:41 WARNING       missing:
2026-02-20 08:26:41 WARNING        pkg:
2026-02-20 08:26:41 WARNING         package: init-system-helpers
2026-02-20 08:26:41 WARNING         version: 1.65.2+deb12u1
2026-02-20 08:26:41 WARNING         architecture: all
2026-02-20 08:26:41 WARNING         essential: true
2026-02-20 08:26:41 WARNING         unsat-dependency: usrmerge | usr-is-merged
2026-02-20 08:26:41 WARNING    
2026-02-20 08:26:41 WARNING   total-packages: 263
2026-02-20 08:26:41 WARNING   broken-packages: 263
2026-02-20 08:26:41 WARNING   
Error: packages database contains unused 'current|main|amd64' database.
This usually means you removed some component, architecture or even
a whole distribution from conf/distributions.
In that case you most likely want to call reprepro clearvanished to get rid
of the databases belonging to those removed parts.
(Another reason to get this error is using conf/ and db/ directories
 belonging to different reprepro repositories).
To ignore use --ignore=undefinedtarget.
There have been errors!

2026-02-20 08:26:41 INFO Reading configuration file /opt/untangle/build/profiles/default.conf
2026-02-20 08:26:41 INFO Reading configuration file /opt/untangle/build/profiles/ngfw.conf
2026-02-20 08:26:41 INFO /opt/untangle/build/profiles/ngfw.conf: new var OMIT_MANUAL=1
2026-02-20 08:26:41 INFO /opt/untangle/build/profiles/ngfw.conf: new var DI_DIR=/opt/untangle/build/d-i/build/dest
2026-02-20 08:26:41 INFO /opt/untangle/build/profiles/ngfw.conf: new var DISKTYPE=CUSTOM
2026-02-20 08:26:41 INFO /opt/untangle/build/profiles/ngfw.conf: new var OMIT_RELEASE_NOTES=1
2026-02-20 08:26:41 INFO /opt/untangle/build/profiles/ngfw.conf: new var all_extras='/opt/untangle/build/profiles/hands-free.sh /opt/untangle/build/profiles/late_command.sh /opt/untangle/build/profiles/preseed.cfg'
2026-02-20 08:26:41 INFO /opt/untangle/build/profiles/ngfw.conf: new var NONFREE=1
2026-02-20 08:26:41 INFO /opt/untangle/build/profiles/ngfw.conf: new var DOJIGDO=0
2026-02-20 08:26:41 INFO /opt/untangle/build/profiles/ngfw.conf: new var debian_cd_dir=/opt/untangle/build/debian-cd
2026-02-20 08:26:41 INFO /opt/untangle/build/profiles/ngfw.conf: new var MKISOFS_OPTS='-r -A 000000'
2026-02-20 08:26:41 INFO /opt/untangle/build/profiles/ngfw.conf: new var CONTRIB=0
2026-02-20 08:26:41 INFO /opt/untangle/build/profiles/ngfw.conf: new var reprepro_opts=--ignore=undefinedtarget
2026-02-20 08:26:41 INFO /opt/untangle/build/profiles/ngfw.conf: new var MAXISOS=1
2026-02-20 08:26:41 INFO /opt/untangle/build/profiles/ngfw.conf: new var KERNEL_PARAMS=net.ifnames=0
2026-02-20 08:26:41 INFO /opt/untangle/build/profiles/ngfw.conf: new var OMIT_DOC_TOOLS=1
2026-02-20 08:26:41 INFO /opt/untangle/build/profiles/ngfw.conf: new var mirror_components='main non-free non-free-firmware'
2026-02-20 08:26:41 INFO /opt/untangle/build/profiles/ngfw.conf: new var updates_mirror=''
2026-02-20 08:26:41 INFO /opt/untangle/build/profiles/ngfw.conf: new var COPYLINKS=0
2026-02-20 08:26:41 INFO /opt/untangle/build/profiles/ngfw.conf: new var custom_installer=/opt/untangle/build/d-i/build/dest
gpg: directory '/root/.gnupg' created
gpg: /root/.gnupg/trustdb.gpg: trustdb created
2026-02-20 08:26:41 INFO Running tool /usr/share/simple-cdd/tools/build/debian-cd
2026-02-20 08:26:41 ERROR build/debian-cd exited with code 2
2026-02-20 08:26:41 ERROR Last 5 lines of standard error:
2026-02-20 08:26:41 ERROR build/debian-cd: failed to read exclude file /opt/untangle/build/tmp/debian-cd/data/bookworm/exclude-udebs at ../tools/generate_di_list line 182.
2026-02-20 08:26:41 ERROR build/debian-cd: which_deb: can't find binary file(s) for debootstrap in bookworm
2026-02-20 08:26:41 ERROR build/debian-cd: which_deb: can't find binary file(s) for debootstrap in bookworm
2026-02-20 08:26:41 ERROR build/debian-cd: cp: cannot stat '/opt/untangle/build/tmp/debian-cd/tasks/bookworm/*': No such file or directory
2026-02-20 08:26:41 ERROR build/debian-cd: make[1]: *** [Makefile:165: /opt/untangle/build/tmp/cd-build/bookworm/tasks] Error 1
2026-02-20 08:26:41 ERROR build/debian-cd exited with code 2, full log can be found in /opt/untangle/build/tmp/log/build-debian-cd
mv: cannot stat 'images/untangle-12.0*-amd64-*1.iso': No such file or directory
make: *** [Makefile:138: ngfw/iso/untangle-image] Error 1
ERROR: 2
